Year,Series_conference,Series_round,Date_start,Date_end,Team_win,Seed_win,Wins_win,Team_lose,Seed_lose,Wins_lose,Fav_team,Fav_odds,Underdog_team,Underdog_odds
2020,E,3,2020-08-18,2020-08-29,Milwaukee Bucks,1,4,Orlando Magic,8,1,MIL,-7500,ORL,3250
2020,E,3,2020-08-17,2020-08-23,Toronto Raptors,2,4,Brooklyn Nets,7,0,TOR,-2200,BRK,1315
2020,E,3,2020-08-17,2020-08-23,Boston Celtics,3,4,Philadelphia 76ers,6,0,BOS,-450,PHI,360
2020,E,3,2020-08-18,2020-08-24,Miami Heat,5,4,Indiana Pacers,4,0,MIA,-320,IND,260
2020,W,3,2020-08-18,2020-08-29,Los Angeles Lakers,1,4,Portland Trail Blazers,8,1,LAL,-550,POR,425
2020,W,3,2020-08-17,2020-08-30,Los Angeles Clippers,2,4,Dallas Mavericks,7,2,LAC,-630,DAL,465
2020,W,3,2020-08-17,2020-09-01,Denver Nuggets,3,4,Utah Jazz,6,3,DEN,-285,UTA,243
2020,W,3,2020-08-18,2020-09-02,Houston Rockets,4,4,Oklahoma City Thunder,5,3,HOU,-160,OKC,140
2020,E,2,2020-08-30,2020-09-11,Boston Celtics,3,4,Toronto Raptors,2,3,TOR,-135,BOS,115
2020,E,2,2020-08-31,2020-09-08,Miami Heat,5,4,Milwaukee Bucks,1,1,MIL,-440,MIA,350
2020,W,2,2020-09-03,2020-09-15,Denver Nuggets,3,4,Los Angeles Clippers,2,3,LAC,-1300,DEN,850
2020,W,2,2020-09-04,2020-09-12,Los Angeles Lakers,1,4,Houston Rockets,4,1,LAL,-550,HOU,425
2020,E,1,2020-09-15,2020-09-27,Miami Heat,5,4,Boston Celtics,3,2,BOS,-130,MIA,110
2020,W,1,2020-09-18,2020-09-26,Los Angeles Lakers,1,4,Denver Nuggets,3,1,LAL,-550,DEN,425
2020,F,0,2020-09-30,2020-10-11,Los Angeles Lakers,1,4,Miami Heat,5,2,LAL,-350,MIA,290
2019,E,3,2019-04-14,2019-04-22,Milwaukee Bucks,1,4,Detroit Pistons,8,0,MIL,-3500,DET,1750
2019,E,3,2019-04-13,2019-04-23,Toronto Raptors,2,4,Orlando Magic,7,1,TOR,-1200,ORL,775
2019,E,3,2019-04-13,2019-04-23,Philadelphia 76ers,3,4,Brooklyn Nets,6,1,PHI,-600,BRK,450
2019,E,3,2019-04-14,2019-04-21,Boston Celtics,4,4,Indiana Pacers,5,0,BOS,-465,IND,370
2019,W,3,2019-04-13,2019-04-26,Golden State Warriors,1,4,Los Angeles Clippers,8,2,GSW,-15000,LAC,6000
2019,W,3,2019-04-13,2019-04-27,Denver Nuggets,2,4,San Antonio Spurs,7,3,DEN,-270,SAS,230
2019,W,3,2019-04-14,2019-04-23,Portland Trail Blazers,3,4,Oklahoma City Thunder,6,1,OKC,-165,POR,145
2019,W,3,2019-04-14,2019-04-24,Houston Rockets,4,4,Utah Jazz,5,1,HOU,-310,UTA,255
2019,E,2,2019-04-28,2019-05-08,Milwaukee Bucks,1,4,Boston Celtics,4,1,MIL,-360,BOS,300
2019,E,2,2019-04-27,2019-05-12,Toronto Raptors,2,4,Philadelphia 76ers,3,3,TOR,-290,PHI,245
2019,W,2,2019-04-28,2019-05-10,Golden State Warriors,1,4,Houston Rockets,4,2,GSW,-280,HOU,240
2019,W,2,2019-04-29,2019-05-12,Portland Trail Blazers,3,4,Denver Nuggets,2,3,DEN,-145,POR,125
2019,E,1,2019-05-15,2019-05-25,Toronto Raptors,2,4,Milwaukee Bucks,1,2,MIL,-270,TOR,230
2019,W,1,2019-05-14,2019-05-20,Golden State Warriors,1,4,Portland Trail Blazers,3,0,GSW,-550,POR,425
2019,F,0,2019-05-30,2019-06-13,Toronto Raptors,2,4,Golden State Warriors,1,2,GSW,-270,TOR,230
2018,E,3,2018-04-14,2018-04-27,Toronto Raptors,1,4,Washington Wizards,8,2,TOR,-630,WAS,465
2018,E,3,2018-04-15,2018-04-28,Boston Celtics,2,4,Milwaukee Bucks,7,3,BOS,-150,MIL,130
2018,E,3,2018-04-14,2018-04-24,Philadelphia 76ers,3,4,Miami Heat,6,1,PHI,-500,MIA,400
2018,E,3,2018-04-15,2018-04-29,Cleveland Cavaliers,4,4,Indiana Pacers,5,3,CLE,-600,IND,450
2018,W,3,2018-04-15,2018-04-25,Houston Rockets,1,4,Minnesota Timberwolves,8,1,HOU,-3000,MIN,1500
2018,W,3,2018-04-14,2018-04-24,Golden State Warriors,2,4,San Antonio Spurs,7,1,GSW,-900,SAS,600
2018,W,3,2018-04-14,2018-04-21,New Orleans Pelicans,6,4,Portland Trail Blazers,3,0,POR,-220,NOP,180
2018,W,3,2018-04-15,2018-04-27,Utah Jazz,5,4,Oklahoma City Thunder,4,2,OKC,-140,UTA,120
2018,W,2,2018-04-28,2018-05-08,Golden State Warriors,2,4,New Orleans Pelicans,6,1,GSW,-1050,NOP,675
2018,W,2,2018-04-29,2018-05-08,Houston Rockets,1,4,Utah Jazz,5,1,HOU,-1500,UTA,1000
2018,E,2,2018-04-30,2018-05-09,Boston Celtics,2,4,Philadelphia 76ers,3,1,PHI,-525,BOS,415
2018,E,2,2018-05-01,2018-05-07,Cleveland Cavaliers,4,4,Toronto Raptors,1,0,TOR,-190,CLE,165
2018,E,1,2018-05-13,2018-05-27,Cleveland Cavaliers,4,4,Boston Celtics,2,3,CLE,-275,BOS,235
2018,W,1,2018-05-14,2018-05-28,Golden State Warriors,2,4,Houston Rockets,1,3,GSW,-200,HOU,170
2018,F,0,2018-05-31,2018-06-08,Golden State Warriors,2,4,Cleveland Cavaliers,4,0,GSW,-1075,CLE,688
2017,E,3,2017-04-16,2017-04-28,Boston Celtics,1,4,Chicago Bulls,8,2,BOS,-470,CHI,375
2017,E,3,2017-04-15,2017-04-23,Cleveland Cavaliers,2,4,Indiana Pacers,7,0,CLE,-1100,IND,700
2017,E,3,2017-04-15,2017-04-27,Toronto Raptors,3,4,Milwaukee Bucks,6,2,TOR,-440,MIL,350
2017,E,3,2017-04-16,2017-04-28,Washington Wizards,4,4,Atlanta Hawks,5,2,WAS,-220,ATL,180
2017,W,3,2017-04-16,2017-04-24,Golden State Warriors,1,4,Portland Trail Blazers,8,0,GSW,-7000,POR,3000
2017,W,3,2017-04-15,2017-04-27,San Antonio Spurs,2,4,Memphis Grizzlies,7,2,SAS,-1070,MEM,685
2017,W,3,2017-04-16,2017-04-25,Houston Rockets,3,4,Oklahoma City Thunder,6,1,HOU,-390,OKC,320
2017,W,3,2017-04-15,2017-04-30,Utah Jazz,5,4,Los Angeles Clippers,4,3,LAC,-245,UTA,205
2017,E,2,2017-05-01,2017-05-07,Cleveland Cavaliers,2,4,Toronto Raptors,3,0,CLE,-475,TOR,380
2017,E,2,2017-04-30,2017-05-15,Boston Celtics,1,4,Washington Wizards,4,3,BOS,-185,WAS,160
2017,W,2,2017-05-02,2017-05-08,Golden State Warriors,1,4,Utah Jazz,5,0,GSW,-3200,UTA,1600
2017,W,2,2017-05-01,2017-05-11,San Antonio Spurs,2,4,Houston Rockets,3,2,SAS,-300,HOU,250
2017,W,1,2017-05-14,2017-05-22,Golden State Warriors,1,4,San Antonio Spurs,2,0,GSW,-1050,SAS,675
2017,E,1,2017-05-17,2017-05-25,Cleveland Cavaliers,2,4,Boston Celtics,1,1,CLE,-700,BOS,500
2017,F,0,2017-06-01,2017-06-12,Golden State Warriors,1,4,Cleveland Cavaliers,2,1,GSW,-300,CLE,250
2016,E,3,2016-04-17,2016-04-24,Cleveland Cavaliers,1,4,Detroit Pistons,8,0,CLE,-1700,DET,1100
2016,E,3,2016-04-16,2016-05-01,Toronto Raptors,2,4,Indiana Pacers,7,3,TOR,-400,IND,325
2016,E,3,2016-04-17,2016-05-01,Miami Heat,3,4,Charlotte Hornets,6,3,MIA,-170,CHO,150
2016,E,3,2016-04-16,2016-04-28,Atlanta Hawks,4,4,Boston Celtics,5,2,ATL,-165,BOS,145
2016,W,3,2016-04-16,2016-04-27,Golden State Warriors,1,4,Houston Rockets,8,1,GSW,-10000,HOU,4000
2016,W,3,2016-04-17,2016-04-24,San Antonio Spurs,2,4,Memphis Grizzlies,7,0,SAS,-17000,MEM,6625
2016,W,3,2016-04-16,2016-04-25,Oklahoma City Thunder,3,4,Dallas Mavericks,6,1,OKC,-3500,DAL,1750
2016,W,3,2016-04-17,2016-04-29,Portland Trail Blazers,5,4,Los Angeles Clippers,4,2,LAC,-525,POR,415
2016,E,2,2016-05-02,2016-05-08,Cleveland Cavaliers,1,4,Atlanta Hawks,4,0,CLE,-500,ATL,400
2016,E,2,2016-05-03,2016-05-15,Toronto Raptors,2,4,Miami Heat,3,3,TOR,-145,MIA,125
2016,W,2,2016-05-01,2016-05-11,Golden State Warriors,1,4,Portland Trail Blazers,5,1,GSW,-1600,POR,1050
2016,W,2,2016-04-30,2016-05-12,Oklahoma City Thunder,3,4,San Antonio Spurs,2,2,SAS,-270,OKC,230
2016,E,1,2016-05-17,2016-05-27,Cleveland Cavaliers,1,4,Toronto Raptors,2,2,CLE,-1350,TOR,885
2016,W,1,2016-05-16,2016-05-30,Golden State Warriors,1,4,Oklahoma City Thunder,3,3,GSW,-430,OKC,345
2016,F,0,2016-06-02,2016-06-19,Cleveland Cavaliers,1,4,Golden State Warriors,1,3,GSW,-220,CLE,180
2015,E,3,2015-04-19,2015-05-01,Atlanta Hawks,1,4,Brooklyn Nets,8,2,ATL,-1350,BRK,900
2015,E,3,2015-04-19,2015-04-26,Cleveland Cavaliers,2,4,Boston Celtics,7,0,CLE,-5000,BOS,2100
2015,E,3,2015-04-18,2015-04-30,Chicago Bulls,3,4,Milwaukee Bucks,6,2,CHI,-950,MIL,700
2015,E,3,2015-04-18,2015-04-26,Washington Wizards,5,4,Toronto Raptors,4,0,TOR,-175,WAS,155
2015,W,3,2015-04-18,2015-04-25,Golden State Warriors,1,4,New Orleans Pelicans,8,0,GSW,-3000,NOP,1500
2015,W,3,2015-04-18,2015-04-28,Houston Rockets,2,4,Dallas Mavericks,7,1,HOU,-260,DAL,220
2015,W,3,2015-04-19,2015-05-02,Los Angeles Clippers,3,4,San Antonio Spurs,6,3,SAS,-180,LAC,160
2015,W,3,2015-04-19,2015-04-29,Memphis Grizzlies,5,4,Portland Trail Blazers,4,1,MEM,-225,POR,195
2015,E,2,2015-05-04,2015-05-14,Cleveland Cavaliers,2,4,Chicago Bulls,3,2,CLE,-240,CHI,200
2015,E,2,2015-05-03,2015-05-15,Atlanta Hawks,1,4,Washington Wizards,5,2,ATL,-245,WAS,205
2015,W,2,2015-05-04,2015-05-17,Houston Rockets,2,4,Los Angeles Clippers,3,3,HOU,-150,LAC,130
2015,W,2,2015-05-03,2015-05-15,Golden State Warriors,1,4,Memphis Grizzlies,5,2,GSW,-1000,MEM,725
2015,E,1,2015-05-20,2015-05-26,Cleveland Cavaliers,2,4,Atlanta Hawks,1,0,CLE,-190,ATL,165
2015,W,1,2015-05-19,2015-05-27,Golden State Warriors,1,4,Houston Rockets,2,1,GSW,-880,HOU,665
2015,F,0,2015-06-04,2015-06-16,Golden State Warriors,1,4,Cleveland Cavaliers,2,2,GSW,-220,CLE,190
2014,E,3,2014-04-19,2014-05-03,Indiana Pacers,1,4,Atlanta Hawks,8,3,IND,-600,ATL,440
2014,E,3,2014-04-20,2014-04-28,Miami Heat,2,4,Charlotte Bobcats,7,0,MIA,-2500,CHA,1000
2014,E,3,2014-04-19,2014-05-04,Brooklyn Nets,6,4,Toronto Raptors,3,3,BRK,-130,TOR,110
2014,E,3,2014-04-20,2014-04-29,Washington Wizards,5,4,Chicago Bulls,4,1,CHI,-180,WAS,160
2014,W,3,2014-04-20,2014-05-04,San Antonio Spurs,1,4,Dallas Mavericks,8,3,SAS,-875,DAL,585
2014,W,3,2014-04-19,2014-05-03,Oklahoma City Thunder,2,4,Memphis Grizzlies,7,3,OKC,-500,MEM,375
2014,W,3,2014-04-19,2014-05-03,Los Angeles Clippers,3,4,Golden State Warriors,6,3,LAC,-400,GSW,285
2014,W,3,2014-04-20,2014-05-02,Portland Trail Blazers,5,4,Houston Rockets,4,2,HOU,-200,POR,170
2014,E,2,2014-05-05,2014-05-15,Indiana Pacers,1,4,Washington Wizards,5,2,IND,-165,WAS,145
2014,E,2,2014-05-06,2014-05-14,Miami Heat,2,4,Brooklyn Nets,6,1,MIA,-620,BRK,450
2014,W,2,2014-05-06,2014-05-14,San Antonio Spurs,1,4,Portland Trail Blazers,5,1,SAS,-410,POR,320
2014,W,2,2014-05-05,2014-05-15,Oklahoma City Thunder,2,4,Los Angeles Clippers,3,2,OKC,-205,LAC,175
2014,E,1,2014-05-18,2014-05-30,Miami Heat,2,4,Indiana Pacers,1,2,MIA,-380,IND,300
2014,W,1,2014-05-19,2014-05-31,San Antonio Spurs,1,4,Oklahoma City Thunder,2,2,SAS,-245,OKC,205
2014,F,0,2014-06-05,2014-06-15,San Antonio Spurs,1,4,Miami Heat,2,1,SAS,-155,MIA,135
2013,E,3,2013-04-21,2013-04-28,Miami Heat,1,4,Milwaukee Bucks,8,0,MIA,-20000,MIL,7500
2013,E,3,2013-04-20,2013-05-03,New York Knicks,2,4,Boston Celtics,7,2,NYK,-410,BOS,320
2013,E,3,2013-04-21,2013-05-03,Indiana Pacers,3,4,Atlanta Hawks,6,2,IND,-380,ATL,300
2013,E,3,2013-04-20,2013-05-04,Chicago Bulls,5,4,Brooklyn Nets,4,3,BRK,-145,CHI,125
2013,W,3,2013-04-21,2013-05-03,Oklahoma City Thunder,1,4,Houston Rockets,8,2,OKC,-1900,HOU,875
2013,W,3,2013-04-21,2013-04-28,San Antonio Spurs,2,4,Los Angeles Lakers,7,0,SAS,-1000,LAL,650
2013,W,3,2013-04-20,2013-05-02,Golden State Warriors,6,4,Denver Nuggets,3,2,DEN,-460,GSW,355
2013,W,3,2013-04-20,2013-05-03,Memphis Grizzlies,5,4,Los Angeles Clippers,4,2,LAC,-180,MEM,160
2013,E,2,2013-05-06,2013-05-15,Miami Heat,1,4,Chicago Bulls,5,1,MIA,-3000,CHI,1100
2013,E,2,2013-05-05,2013-05-18,Indiana Pacers,3,4,New York Knicks,2,2,NYK,-190,IND,165
2013,W,2,2013-05-05,2013-05-15,Memphis Grizzlies,5,4,Oklahoma City Thunder,1,1,MEM,-127,OKC,107
2013,W,2,2013-05-06,2013-05-16,San Antonio Spurs,2,4,Golden State Warriors,6,2,SAS,-950,GSW,625
2013,E,1,2013-05-22,2013-06-03,Miami Heat,1,4,Indiana Pacers,3,3,MIA,-850,IND,575
2013,W,1,2013-05-19,2013-05-27,San Antonio Spurs,2,4,Memphis Grizzlies,5,0,SAS,-145,MEM,125
2013,F,0,2013-06-06,2013-06-20,Miami Heat,1,4,San Antonio Spurs,2,3,MIA,-220,SAS,180
2012,E,3,2012-04-28,2012-05-10,Philadelphia 76ers,8,4,Chicago Bulls,1,2,CHI,-1400,PHI,900
2012,E,3,2012-04-28,2012-05-09,Miami Heat,2,4,New York Knicks,7,1,MIA,-900,NYK,650
2012,E,3,2012-04-28,2012-05-08,Indiana Pacers,3,4,Orlando Magic,6,1,IND,-800,ORL,600
2012,E,3,2012-04-29,2012-05-10,Boston Celtics,4,4,Atlanta Hawks,5,2,BOS,-190,ATL,160
2012,W,3,2012-04-29,2012-05-07,San Antonio Spurs,1,4,Utah Jazz,8,0,SAS,-2500,UTA,1450
2012,W,3,2012-04-28,2012-05-05,Oklahoma City Thunder,2,4,Dallas Mavericks,7,0,OKC,-500,DAL,400
2012,W,3,2012-04-29,2012-05-12,Los Angeles Lakers,3,4,Denver Nuggets,6,3,LAL,-240,DEN,195
2012,W,3,2012-04-29,2012-05-13,Los Angeles Clippers,5,4,Memphis Grizzlies,4,3,MEM,-200,LAC,170
2012,E,2,2012-05-13,2012-05-24,Miami Heat,2,4,Indiana Pacers,3,2,MIA,-950,IND,625
2012,E,2,2012-05-12,2012-05-26,Boston Celtics,4,4,Philadelphia 76ers,8,3,BOS,-205,PHI,175
2012,W,2,2012-05-15,2012-05-20,San Antonio Spurs,1,4,Los Angeles Clippers,5,0,SAS,-2500,LAC,1000
2012,W,2,2012-05-14,2012-05-21,Oklahoma City Thunder,2,4,Los Angeles Lakers,3,1,OKC,-450,LAL,350
2012,W,1,2012-05-27,2012-06-06,Oklahoma City Thunder,2,4,San Antonio Spurs,1,2,SAS,-205,OKC,175
2012,E,1,2012-05-28,2012-06-09,Miami Heat,2,4,Boston Celtics,4,3,MIA,-530,BOS,400
2012,F,0,2012-06-12,2012-06-21,Miami Heat,2,4,Oklahoma City Thunder,2,1,OKC,-175,MIA,155
2011,E,3,2011-04-16,2011-04-26,Chicago Bulls,1,4,Indiana Pacers,8,1,CHI,-4000,IND,1200
2011,E,3,2011-04-16,2011-04-27,Miami Heat,2,4,Philadelphia 76ers,7,1,MIA,-2500,PHI,1000
2011,E,3,2011-04-17,2011-04-24,Boston Celtics,3,4,New York Knicks,6,0,BOS,-350,NYK,250
2011,E,3,2011-04-16,2011-04-28,Atlanta Hawks,5,4,Orlando Magic,4,2,ORL,-650,ATL,425
2011,W,3,2011-04-17,2011-04-29,Memphis Grizzlies,8,4,San Antonio Spurs,1,2,SAS,-390,MEM,280
2011,W,3,2011-04-17,2011-04-28,Los Angeles Lakers,2,4,New Orleans Hornets,7,2,LAL,-2500,NOH,1000
2011,W,3,2011-04-16,2011-04-28,Dallas Mavericks,3,4,Portland Trail Blazers,6,2,DAL,-200,POR,160
2011,W,3,2011-04-17,2011-04-27,Oklahoma City Thunder,4,4,Denver Nuggets,5,1,OKC,-220,DEN,170
2011,E,2,2011-05-02,2011-05-12,Chicago Bulls,1,4,Atlanta Hawks,5,2,CHI,-800,ATL,550
2011,E,2,2011-05-01,2011-05-11,Miami Heat,2,4,Boston Celtics,3,1,MIA,-190,BOS,165
2011,W,2,2011-05-02,2011-05-08,Dallas Mavericks,3,4,Los Angeles Lakers,2,0,LAL,-360,DAL,280
2011,W,2,2011-05-01,2011-05-15,Oklahoma City Thunder,4,4,Memphis Grizzlies,8,3,OKC,-350,MEM,275
2011,E,1,2011-05-15,2011-05-26,Miami Heat,2,4,Chicago Bulls,1,1,MIA,-190,CHI,160
2011,W,1,2011-05-17,2011-05-25,Dallas Mavericks,3,4,Oklahoma City Thunder,4,1,DAL,-240,OKC,200
2011,F,0,2011-05-31,2011-06-12,Dallas Mavericks,3,4,Miami Heat,2,2,MIA,-175,DAL,155
2010,E,3,2010-04-17,2010-04-27,Cleveland Cavaliers,1,4,Chicago Bulls,8,1,CLE,-3000,CHI,1400
2010,E,3,2010-04-18,2010-04-26,Orlando Magic,2,4,Charlotte Bobcats,7,0,ORL,-1000,CHA,650
2010,E,3,2010-04-17,2010-05-02,Atlanta Hawks,3,4,Milwaukee Bucks,6,3,ATL,-750,MIL,550
2010,E,3,2010-04-17,2010-04-27,Boston Celtics,4,4,Miami Heat,5,1,BOS,-175,MIA,155
2010,W,3,2010-04-18,2010-04-30,Los Angeles Lakers,1,4,Oklahoma City Thunder,8,2,LAL,-800,OKC,600
2010,W,3,2010-04-18,2010-04-29,San Antonio Spurs,7,4,Dallas Mavericks,2,2,DAL,-150,SAS,130
2010,W,3,2010-04-18,2010-04-29,Phoenix Suns,3,4,Portland Trail Blazers,6,2,PHO,-500,POR,400
2010,W,3,2010-04-17,2010-04-30,Utah Jazz,5,4,Denver Nuggets,4,2,DEN,-175,UTA,150
2010,E,2,2010-05-01,2010-05-13,Boston Celtics,4,4,Cleveland Cavaliers,1,2,CLE,-480,BOS,380
2010,E,2,2010-05-04,2010-05-10,Orlando Magic,2,4,Atlanta Hawks,3,0,ORL,-800,ATL,550
2010,W,2,2010-05-02,2010-05-10,Los Angeles Lakers,1,4,Utah Jazz,5,0,LAL,-420,UTA,310
2010,W,2,2010-05-03,2010-05-09,Phoenix Suns,3,4,San Antonio Spurs,7,0,PHO,-140,SAS,120
2010,W,1,2010-05-17,2010-05-29,Los Angeles Lakers,1,4,Phoenix Suns,3,2,LAL,-340,PHO,270
2010,E,1,2010-05-16,2010-05-28,Boston Celtics,4,4,Orlando Magic,2,2,ORL,-260,BOS,220
2010,F,0,2010-06-03,2010-06-17,Los Angeles Lakers,1,4,Boston Celtics,4,3,LAL,-190,BOS,165
2009,E,3,2009-04-18,2009-04-26,Cleveland Cavaliers,1,4,Detroit Pistons,8,0,CLE,-5000,DET,3000
2009,E,3,2009-04-18,2009-05-02,Boston Celtics,2,4,Chicago Bulls,7,3,BOS,-545,CHI,405
2009,E,3,2009-04-19,2009-04-30,Orlando Magic,3,4,Philadelphia 76ers,6,2,ORL,-1400,PHI,800
2009,E,3,2009-04-19,2009-05-03,Atlanta Hawks,4,4,Miami Heat,5,3,ATL,-145,MIA,125
2009,W,3,2009-04-19,2009-04-27,Los Angeles Lakers,1,4,Utah Jazz,8,1,LAL,-2000,UTA,1200
2009,W,3,2009-04-19,2009-04-29,Denver Nuggets,2,4,New Orleans Hornets,7,1,DEN,-210,NOH,175
2009,W,3,2009-04-18,2009-04-28,Dallas Mavericks,6,4,San Antonio Spurs,3,1,SAS,-190,DAL,160
2009,W,3,2009-04-18,2009-04-30,Houston Rockets,5,4,Portland Trail Blazers,4,2,POR,-175,HOU,150
2009,W,2,2009-05-04,2009-05-17,Los Angeles Lakers,1,4,Houston Rockets,5,3,LAL,-1100,HOU,700
2009,W,2,2009-05-03,2009-05-13,Denver Nuggets,2,4,Dallas Mavericks,6,1,DEN,-240,DAL,200
2009,E,2,2009-05-05,2009-05-11,Cleveland Cavaliers,1,4,Atlanta Hawks,4,0,CLE,-2450,ATL,1000
2009,E,2,2009-05-04,2009-05-17,Orlando Magic,3,4,Boston Celtics,2,3,BOS,-120,ORL,100
2009,E,1,2009-05-20,2009-05-30,Orlando Magic,3,4,Cleveland Cavaliers,1,2,CLE,-700,ORL,550
2009,W,1,2009-05-19,2009-05-29,Los Angeles Lakers,1,4,Denver Nuggets,2,2,LAL,-250,DEN,210
2009,F,0,2009-06-04,2009-06-14,Los Angeles Lakers,1,4,Orlando Magic,3,1,LAL,-280,ORL,240
2008,E,3,2008-04-20,2008-05-04,Boston Celtics,1,4,Atlanta Hawks,8,3,BOS,-8000,ATL,4000
2008,E,3,2008-04-20,2008-05-01,Detroit Pistons,2,4,Philadelphia 76ers,7,2,DET,-1300,PHI,850
2008,E,3,2008-04-20,2008-04-28,Orlando Magic,3,4,Toronto Raptors,6,1,ORL,-310,TOR,260
2008,E,3,2008-04-19,2008-05-02,Cleveland Cavaliers,4,4,Washington Wizards,5,2,CLE,-115,WAS,-105
2008,W,3,2008-04-20,2008-04-28,Los Angeles Lakers,1,4,Denver Nuggets,8,0,LAL,-560,DEN,460
2008,W,3,2008-04-19,2008-04-29,New Orleans Hornets,2,4,Dallas Mavericks,7,1,NOH,-145,DAL,125
2008,W,3,2008-04-19,2008-04-29,San Antonio Spurs,3,4,Phoenix Suns,6,1,SAS,-140,PHO,120
2008,W,3,2008-04-19,2008-05-02,Utah Jazz,4,4,Houston Rockets,5,2,UTA,-215,HOU,185
2008,E,2,2008-05-06,2008-05-18,Boston Celtics,1,4,Cleveland Cavaliers,4,3,BOS,-900,CLE,600
2008,E,2,2008-05-03,2008-05-13,Detroit Pistons,2,4,Orlando Magic,3,1,DET,-305,ORL,255
2008,W,2,2008-05-04,2008-05-16,Los Angeles Lakers,1,4,Utah Jazz,4,2,LAL,-350,UTA,290
2008,W,2,2008-05-03,2008-05-19,San Antonio Spurs,3,4,New Orleans Hornets,2,3,SAS,-135,NOH,115
2008,E,1,2008-05-20,2008-05-30,Boston Celtics,1,4,Detroit Pistons,2,2,BOS,-135,DET,115
2008,W,1,2008-05-21,2008-05-29,Los Angeles Lakers,1,4,San Antonio Spurs,3,1,LAL,-250,SAS,210
2008,F,0,2008-06-05,2008-06-17,Boston Celtics,1,4,Los Angeles Lakers,1,2,LAL,-180,BOS,160
2007,E,3,2007-04-21,2007-04-29,Chicago Bulls,5,4,Miami Heat,4,0,CHI,-140,MIA,120
2007,E,3,2007-04-22,2007-04-30,Cleveland Cavaliers,2,4,Washington Wizards,7,0,CLE,-2400,WAS,1600
2007,E,3,2007-04-21,2007-04-28,Detroit Pistons,1,4,Orlando Magic,8,0,DET,-2200,ORL,1400
2007,E,3,2007-04-21,2007-05-04,New Jersey Nets,6,4,Toronto Raptors,3,2,TOR,-165,NJN,145
2007,W,3,2007-04-22,2007-05-03,Golden State Warriors,8,4,Dallas Mavericks,1,2,DAL,-1800,GSW,1200
2007,W,3,2007-04-22,2007-05-02,Phoenix Suns,2,4,Los Angeles Lakers,7,1,PHO,-1600,LAL,1000
2007,W,3,2007-04-22,2007-05-02,San Antonio Spurs,3,4,Denver Nuggets,6,1,SAS,-750,DEN,550
2007,W,3,2007-04-21,2007-05-05,Utah Jazz,4,4,Houston Rockets,5,3,HOU,-240,UTA,200
2007,E,2,2007-05-06,2007-05-18,Cleveland Cavaliers,2,4,New Jersey Nets,6,2,CLE,-260,NJN,220
2007,E,2,2007-05-05,2007-05-17,Detroit Pistons,1,4,Chicago Bulls,5,2,DET,-175,CHI,155
2007,W,2,2007-05-06,2007-05-18,San Antonio Spurs,3,4,Phoenix Suns,2,2,PHO,-150,SAS,130
2007,W,2,2007-05-07,2007-05-15,Utah Jazz,4,4,Golden State Warriors,8,1,UTA,-135,GSW,115
2007,E,1,2007-05-21,2007-06-02,Cleveland Cavaliers,2,4,Detroit Pistons,1,2,DET,-330,CLE,270
2007,W,1,2007-05-20,2007-05-30,San Antonio Spurs,3,4,Utah Jazz,4,1,SAS,-440,UTA,350
2007,F,0,2007-06-07,2007-06-14,San Antonio Spurs,3,4,Cleveland Cavaliers,2,0,SAS,-450,CLE,360
2006,E,3,2006-04-22,2006-05-05,Cleveland Cavaliers,4,4,Washington Wizards,5,2,CLE,-180,WAS,160
2006,E,3,2006-04-23,2006-05-03,Detroit Pistons,1,4,Milwaukee Bucks,8,1,DET,-5500,MIL,3250
2006,E,3,2006-04-22,2006-05-04,Miami Heat,2,4,Chicago Bulls,7,2,MIA,-850,CHI,625
2006,E,3,2006-04-23,2006-05-04,New Jersey Nets,3,4,Indiana Pacers,6,2,NJN,-325,IND,275
2006,W,3,2006-04-23,2006-05-01,Dallas Mavericks,4,4,Memphis Grizzlies,5,0,DAL,-725,MEM,525
2006,W,3,2006-04-22,2006-05-01,Los Angeles Clippers,6,4,Denver Nuggets,3,1,LAC,-185,DEN,145
2006,W,3,2006-04-23,2006-05-06,Phoenix Suns,2,4,Los Angeles Lakers,7,3,PHO,-360,LAL,300
2006,W,3,2006-04-22,2006-05-05,San Antonio Spurs,1,4,Sacramento Kings,8,2,SAS,-1050,SAC,725
2006,E,2,2006-05-07,2006-05-21,Detroit Pistons,1,4,Cleveland Cavaliers,4,3,DET,-2000,CLE,1200
2006,E,2,2006-05-08,2006-05-16,Miami Heat,2,4,New Jersey Nets,3,1,MIA,-190,NJN,160
2006,W,2,2006-05-07,2006-05-22,Dallas Mavericks,4,4,San Antonio Spurs,1,3,SAS,-180,DAL,150
2006,W,2,2006-05-08,2006-05-22,Phoenix Suns,2,4,Los Angeles Clippers,6,3,PHO,-205,LAC,185
2006,E,1,2006-05-23,2006-06-02,Miami Heat,2,4,Detroit Pistons,1,2,DET,-245,MIA,205
2006,W,1,2006-05-24,2006-06-03,Dallas Mavericks,4,4,Phoenix Suns,2,2,DAL,-355,PHO,295
2006,F,0,2006-06-08,2006-06-20,Miami Heat,2,4,Dallas Mavericks,4,2,DAL,-150,MIA,130
2005,E,3,2005-04-23,2005-05-03,Detroit Pistons,2,4,Philadelphia 76ers,7,1,DET,-1200,PHI,800
2005,E,3,2005-04-23,2005-05-07,Indiana Pacers,6,4,Boston Celtics,3,3,BOS,-135,IND,115
2005,E,3,2005-04-24,2005-05-01,Miami Heat,1,4,New Jersey Nets,8,0,MIA,-1200,NJN,800
2005,E,3,2005-04-24,2005-05-06,Washington Wizards,5,4,Chicago Bulls,4,2,CHI,-145,WAS,125
2005,W,3,2005-04-23,2005-05-07,Dallas Mavericks,4,4,Houston Rockets,5,3,DAL,-220,HOU,180
2005,W,3,2005-04-24,2005-05-01,Phoenix Suns,1,4,Memphis Grizzlies,8,0,PHO,-1200,MEM,800
2005,W,3,2005-04-24,2005-05-04,San Antonio Spurs,2,4,Denver Nuggets,7,1,SAS,-500,DEN,400
2005,W,3,2005-04-23,2005-05-03,Seattle SuperSonics,3,4,Sacramento Kings,6,1,SAC,-120,SEA,100
2005,E,2,2005-05-09,2005-05-19,Detroit Pistons,2,4,Indiana Pacers,6,2,DET,-1100,IND,700
2005,E,2,2005-05-08,2005-05-14,Miami Heat,1,4,Washington Wizards,5,0,MIA,-1800,WAS,1200
2005,W,2,2005-05-09,2005-05-20,Phoenix Suns,1,4,Dallas Mavericks,4,2,PHO,-300,DAL,220
2005,W,2,2005-05-08,2005-05-19,San Antonio Spurs,2,4,Seattle SuperSonics,3,2,SAS,-1200,SEA,800
2005,E,1,2005-05-23,2005-06-06,Detroit Pistons,2,4,Miami Heat,1,3,MIA,-130,DET,110
2005,W,1,2005-05-22,2005-06-01,San Antonio Spurs,2,4,Phoenix Suns,1,1,SAS,-160,PHO,140
2005,F,0,2005-06-09,2005-06-23,San Antonio Spurs,2,4,Detroit Pistons,2,3,SAS,-250,DET,200
2004,E,3,2004-04-18,2004-04-29,Detroit Pistons,3,4,Milwaukee Bucks,6,1,DET,-1780,MIL,1430
2004,E,3,2004-04-17,2004-04-25,Indiana Pacers,1,4,Boston Celtics,8,0,IND,-1980,BOS,1520
2004,E,3,2004-04-18,2004-05-04,Miami Heat,4,4,New Orleans Hornets,5,3,MIA,-277,NOH,243
2004,E,3,2004-04-17,2004-04-25,New Jersey Nets,2,4,New York Knicks,7,0,NJN,-580,NYK,500
2004,W,3,2004-04-17,2004-04-28,Los Angeles Lakers,2,4,Houston Rockets,7,1,LAL,-1080,HOU,920
2004,W,3,2004-04-18,2004-04-30,Minnesota Timberwolves,1,4,Denver Nuggets,8,1,MIN,-1920,DEN,1540
2004,W,3,2004-04-18,2004-04-29,Sacramento Kings,4,4,Dallas Mavericks,5,1,SAC,-164,DAL,148
2004,W,3,2004-04-17,2004-04-25,San Antonio Spurs,3,4,Memphis Grizzlies,6,0,SAS,-1080,MEM,920
2004,E,2,2004-05-03,2004-05-20,Detroit Pistons,3,4,New Jersey Nets,2,3,DET,-210,NJN,180
2004,E,2,2004-05-06,2004-05-18,Indiana Pacers,1,4,Miami Heat,4,2,IND,-2300,MIA,1600
2004,W,2,2004-05-02,2004-05-15,Los Angeles Lakers,2,4,San Antonio Spurs,3,2,SAS,-240,LAL,200
2004,W,2,2004-05-04,2004-05-19,Minnesota Timberwolves,1,4,Sacramento Kings,4,3,MIN,-160,SAC,140
2004,E,1,2004-05-22,2004-06-01,Detroit Pistons,3,4,Indiana Pacers,1,2,IND,-165,DET,145
2004,W,1,2004-05-21,2004-05-31,Los Angeles Lakers,2,4,Minnesota Timberwolves,1,2,LAL,-330,MIN,270
2004,F,0,2004-06-06,2004-06-15,Detroit Pistons,3,4,Los Angeles Lakers,2,1,LAL,-700,DET,500
2003,E,3,2003-04-19,2003-05-01,Boston Celtics,6,4,Indiana Pacers,3,2,IND,-340,BOS,280
2003,E,3,2003-04-20,2003-05-04,Detroit Pistons,1,4,Orlando Magic,8,3,DET,-220,ORL,180
2003,E,3,2003-04-19,2003-05-01,New Jersey Nets,2,4,Milwaukee Bucks,7,2,NJN,-280,MIL,230
2003,E,3,2003-04-20,2003-05-02,Philadelphia 76ers,4,4,New Orleans Hornets,5,2,PHI,-179,NOH,150
2003,W,3,2003-04-19,2003-05-04,Dallas Mavericks,3,4,Portland Trail Blazers,6,3,DAL,-400,POR,320
2003,W,3,2003-04-20,2003-05-01,Los Angeles Lakers,5,4,Minnesota Timberwolves,4,2,LAL,-400,MIN,320
2003,W,3,2003-04-19,2003-04-30,Sacramento Kings,2,4,Utah Jazz,7,1,SAC,-1400,UTA,1000
2003,W,3,2003-04-19,2003-05-01,San Antonio Spurs,1,4,Phoenix Suns,8,2,SAS,-1000,PHO,700
2003,E,2,2003-05-06,2003-05-16,Detroit Pistons,1,4,Philadelphia 76ers,4,2,PHI,-150,DET,130
2003,E,2,2003-05-05,2003-05-12,New Jersey Nets,2,4,Boston Celtics,6,0,NJN,-380,BOS,320
2003,W,2,2003-05-06,2003-05-17,Dallas Mavericks,3,4,Sacramento Kings,2,3,SAC,-280,DAL,240
2003,W,2,2003-05-05,2003-05-15,San Antonio Spurs,1,4,Los Angeles Lakers,5,2,LAL,-145,SAS,125
2003,E,1,2003-05-18,2003-05-24,New Jersey Nets,2,4,Detroit Pistons,1,0,NJN,-300,DET,250
2003,W,1,2003-05-19,2003-05-29,San Antonio Spurs,1,4,Dallas Mavericks,3,2,SAS,-380,DAL,320
2003,F,0,2003-06-04,2003-06-15,San Antonio Spurs,1,4,New Jersey Nets,2,2,SAS,-330,NJN,260
2002,E,3,2002-04-21,2002-05-03,Boston Celtics,3,3,Philadelphia 76ers,6,2,BOS,-200,PHI,170
2002,E,3,2002-04-20,2002-04-30,Charlotte Hornets,4,3,Orlando Magic,5,1,CHH,-300,ORL,250
2002,E,3,2002-04-21,2002-05-02,Detroit Pistons,2,3,Toronto Raptors,7,2,DET,-450,TOR,325
2002,E,3,2002-04-20,2002-05-02,New Jersey Nets,1,3,Indiana Pacers,8,2,NJN,-400,IND,300
2002,W,3,2002-04-21,2002-04-28,Dallas Mavericks,4,3,Minnesota Timberwolves,5,0,DAL,-500,MIN,400
2002,W,3,2002-04-21,2002-04-28,Los Angeles Lakers,3,3,Portland Trail Blazers,6,0,LAL,-600,POR,450
2002,W,3,2002-04-20,2002-04-29,Sacramento Kings,1,3,Utah Jazz,8,1,SAC,-2000,UTA,1400
2002,W,3,2002-04-20,2002-05-03,San Antonio Spurs,2,3,Seattle SuperSonics,7,2,SAS,-750,SEA,550
2002,E,2,2002-05-05,2002-05-14,Boston Celtics,3,4,Detroit Pistons,2,1,DET,-125,BOS,105
2002,E,2,2002-05-05,2002-05-15,New Jersey Nets,1,4,Charlotte Hornets,4,1,NJN,-160,CHH,140
2002,W,2,2002-05-05,2002-05-14,Los Angeles Lakers,3,4,San Antonio Spurs,2,1,LAL,-650,SAS,450
2002,W,2,2002-05-04,2002-05-13,Sacramento Kings,1,4,Dallas Mavericks,4,1,SAC,-155,DAL,135
2002,E,1,2002-05-19,2002-05-31,New Jersey Nets,1,4,Boston Celtics,3,2,NJN,-135,BOS,115
2002,W,1,2002-05-18,2002-06-02,Los Angeles Lakers,3,4,Sacramento Kings,1,3,LAL,-230,SAC,190
2002,F,0,2002-06-05,2002-06-12,Los Angeles Lakers,3,4,New Jersey Nets,1,0,LAL,-750,NJN,550
2001,E,3,2001-04-21,2001-04-27,Charlotte Hornets,6,3,Miami Heat,3,0,MIA,-180,CHH,160
2001,E,3,2001-04-22,2001-05-01,Milwaukee Bucks,2,3,Orlando Magic,7,1,MIL,-500,ORL,350
2001,E,3,2001-04-21,2001-05-02,Philadelphia 76ers,1,3,Indiana Pacers,8,1,PHI,-600,IND,400
2001,E,3,2001-04-22,2001-05-04,Toronto Raptors,5,3,New York Knicks,4,2,NYK,-170,TOR,150
2001,W,3,2001-04-21,2001-05-03,Dallas Mavericks,5,3,Utah Jazz,4,2,UTA,-180,DAL,160
2001,W,3,2001-04-22,2001-04-29,Los Angeles Lakers,2,3,Portland Trail Blazers,7,0,LAL,-400,POR,300
2001,W,3,2001-04-22,2001-05-02,Sacramento Kings,3,3,Phoenix Suns,6,1,SAC,-400,PHO,300
2001,W,3,2001-04-21,2001-04-30,San Antonio Spurs,1,3,Minnesota Timberwolves,8,1,SAS,-900,MIN,600
2001,E,2,2001-05-06,2001-05-20,Milwaukee Bucks,2,4,Charlotte Hornets,6,3,MIL,-230,CHH,190
2001,E,2,2001-05-06,2001-05-20,Philadelphia 76ers,1,4,Toronto Raptors,5,3,PHI,-340,TOR,280
2001,W,2,2001-05-06,2001-05-13,Los Angeles Lakers,2,4,Sacramento Kings,3,0,LAL,-360,SAC,290
2001,W,2,2001-05-05,2001-05-14,San Antonio Spurs,1,4,Dallas Mavericks,5,1,SAS,-650,DAL,450
2001,E,1,2001-05-22,2001-06-03,Philadelphia 76ers,1,4,Milwaukee Bucks,2,3,PHI,-180,MIL,160
2001,W,1,2001-05-19,2001-05-27,Los Angeles Lakers,2,4,San Antonio Spurs,1,0,LAL,-145,SAS,125
2001,F,0,2001-06-06,2001-06-15,Los Angeles Lakers,2,4,Philadelphia 76ers,1,1,LAL,-2000,PHI,1600
2000,E,3,2000-04-23,2000-05-04,Indiana Pacers,1,3,Milwaukee Bucks,8,2,IND,-800,MIL,550
2000,E,3,2000-04-22,2000-04-29,Miami Heat,2,3,Detroit Pistons,7,0,NA,0,NA,0
2000,E,3,2000-04-23,2000-04-30,New York Knicks,3,3,Toronto Raptors,6,0,NYK,-230,TOR,190
2000,E,3,2000-04-22,2000-05-01,Philadelphia 76ers,5,3,Charlotte Hornets,4,1,CHH,-140,PHI,120
2000,W,3,2000-04-23,2000-05-05,Los Angeles Lakers,1,3,Sacramento Kings,8,2,LAL,-2000,SAC,1200
2000,W,3,2000-04-22,2000-05-02,Phoenix Suns,5,3,San Antonio Spurs,4,1,NA,0,NA,0
2000,W,3,2000-04-23,2000-05-02,Portland Trail Blazers,3,3,Minnesota Timberwolves,6,1,POR,-330,MIN,250
2000,W,3,2000-04-22,2000-05-05,Utah Jazz,2,3,Seattle SuperSonics,7,2,UTA,-650,SEA,450
2000,E,2,2000-05-06,2000-05-19,Indiana Pacers,1,4,Philadelphia 76ers,5,2,IND,-185,PHI,165
2000,E,2,2000-05-07,2000-05-21,New York Knicks,3,4,Miami Heat,2,3,MIA,-155,NYK,135
2000,W,2,2000-05-07,2000-05-16,Los Angeles Lakers,1,4,Phoenix Suns,5,1,LAL,-2200,PHO,1500
2000,W,2,2000-05-07,2000-05-16,Portland Trail Blazers,3,4,Utah Jazz,2,1,POR,-240,UTA,190
2000,E,1,2000-05-23,2000-06-02,Indiana Pacers,1,4,New York Knicks,3,2,IND,-260,NYK,220
2000,W,1,2000-05-20,2000-06-04,Los Angeles Lakers,1,4,Portland Trail Blazers,3,3,LAL,-340,POR,280
2000,F,0,2000-06-07,2000-06-19,Los Angeles Lakers,1,4,Indiana Pacers,1,2,LAL,-800,IND,550
1999,E,3,1999-05-08,1999-05-16,Atlanta Hawks,4,3,Detroit Pistons,5,2,ATL,-160,DET,140
1999,E,3,1999-05-09,1999-05-13,Indiana Pacers,2,3,Milwaukee Bucks,7,0,IND,-400,MIL,300
1999,E,3,1999-05-08,1999-05-16,New York Knicks,8,3,Miami Heat,1,2,MIA,-280,NYK,230
1999,E,3,1999-05-09,1999-05-15,Philadelphia 76ers,6,3,Orlando Magic,3,1,ORL,-210,PHI,175
1999,W,3,1999-05-09,1999-05-15,Los Angeles Lakers,4,3,Houston Rockets,5,1,LAL,-165,HOU,145
1999,W,3,1999-05-08,1999-05-12,Portland Trail Blazers,2,3,Phoenix Suns,7,0,POR,-500,PHO,350
1999,W,3,1999-05-09,1999-05-15,San Antonio Spurs,1,3,Minnesota Timberwolves,8,1,SAS,-1500,MIN,1000
1999,W,3,1999-05-08,1999-05-16,Utah Jazz,3,3,Sacramento Kings,6,2,UTA,-1000,SAC,700
1999,E,2,1999-05-17,1999-05-23,Indiana Pacers,2,4,Philadelphia 76ers,6,0,IND,-400,PHI,300
1999,E,2,1999-05-18,1999-05-24,New York Knicks,8,4,Atlanta Hawks,4,0,ATL,-135,NYK,115
1999,W,2,1999-05-18,1999-05-27,Portland Trail Blazers,2,4,Utah Jazz,3,2,UTA,-125,POR,105
1999,W,2,1999-05-17,1999-05-23,San Antonio Spurs,1,4,Los Angeles Lakers,4,0,SAS,-220,LAL,180
1999,E,1,1999-05-30,1999-06-11,New York Knicks,8,4,Indiana Pacers,2,2,IND,-240,NYK,200
1999,W,1,1999-05-29,1999-06-06,San Antonio Spurs,1,4,Portland Trail Blazers,2,0,SAS,-200,POR,170
1999,F,0,1999-06-16,1999-06-25,San Antonio Spurs,1,4,New York Knicks,8,1,SAS,-900,NYK,600
1998,E,3,1998-04-23,1998-05-01,Charlotte Hornets,4,3,Atlanta Hawks,5,1,CHH,-120,ATL,100
1998,E,3,1998-04-24,1998-04-29,Chicago Bulls,1,3,New Jersey Nets,8,0,CHI,-2500,NJN,1800
1998,E,3,1998-04-23,1998-04-30,Indiana Pacers,3,3,Cleveland Cavaliers,6,1,IND,-450,CLE,325
1998,E,3,1998-04-24,1998-05-03,New York Knicks,7,3,Miami Heat,2,2,MIA,-500,NYK,350
1998,W,3,1998-04-24,1998-04-30,Los Angeles Lakers,3,3,Portland Trail Blazers,6,1,LAL,-550,POR,375
1998,W,3,1998-04-23,1998-04-29,San Antonio Spurs,5,3,Phoenix Suns,4,1,PHO,-135,SAS,115
1998,W,3,1998-04-24,1998-05-02,Seattle SuperSonics,2,3,Minnesota Timberwolves,7,2,SEA,-2000,MIN,1400
1998,W,3,1998-04-23,1998-05-03,Utah Jazz,1,3,Houston Rockets,8,2,UTA,-850,HOU,525
1998,E,2,1998-05-03,1998-05-13,Chicago Bulls,1,4,Charlotte Hornets,4,1,CHI,-2000,CHH,1400
1998,E,2,1998-05-05,1998-05-13,Indiana Pacers,3,4,New York Knicks,7,1,IND,-1100,NYK,700
1998,W,2,1998-05-04,1998-05-12,Los Angeles Lakers,3,4,Seattle SuperSonics,2,1,LAL,-115,SEA,-105
1998,W,2,1998-05-05,1998-05-12,Utah Jazz,1,4,San Antonio Spurs,5,1,UTA,-270,SAS,210
1998,E,1,1998-05-17,1998-05-31,Chicago Bulls,1,4,Indiana Pacers,3,3,CHI,-600,IND,400
1998,W,1,1998-05-16,1998-05-24,Utah Jazz,1,4,Los Angeles Lakers,3,0,LAL,-130,UTA,110
1998,F,0,1998-06-03,1998-06-14,Chicago Bulls,1,4,Utah Jazz,1,2,CHI,-125,UTA,105
1997,E,3,1997-04-25,1997-05-04,Atlanta Hawks,4,3,Detroit Pistons,5,2,ATL,-170,DET,150
1997,E,3,1997-04-25,1997-04-30,Chicago Bulls,1,3,Washington Bullets,8,0,CHI,-2500,WSB,1800
1997,E,3,1997-04-24,1997-05-04,Miami Heat,2,3,Orlando Magic,7,2,MIA,-400,ORL,300
1997,E,3,1997-04-24,1997-04-28,New York Knicks,3,3,Charlotte Hornets,6,0,NYK,-250,CHH,200
1997,W,3,1997-04-24,1997-04-29,Houston Rockets,3,3,Minnesota Timberwolves,6,0,HOU,-1300,MIN,800
1997,W,3,1997-04-25,1997-05-02,Los Angeles Lakers,4,3,Portland Trail Blazers,5,1,LAL,-330,POR,250
1997,W,3,1997-04-25,1997-05-03,Seattle SuperSonics,2,3,Phoenix Suns,7,2,SEA,-650,PHO,450
1997,W,3,1997-04-24,1997-04-28,Utah Jazz,1,3,Los Angeles Clippers,8,0,UTA,-3300,LAC,2200
1997,E,2,1997-05-06,1997-05-13,Chicago Bulls,1,4,Atlanta Hawks,4,1,CHI,-1700,ATL,1100
1997,E,2,1997-05-07,1997-05-18,Miami Heat,2,4,New York Knicks,3,3,MIA,-145,NYK,125
1997,W,2,1997-05-05,1997-05-17,Houston Rockets,3,4,Seattle SuperSonics,2,3,HOU,-130,SEA,110
1997,W,2,1997-05-04,1997-05-12,Utah Jazz,1,4,Los Angeles Lakers,4,1,UTA,-270,LAL,210
1997,E,1,1997-05-20,1997-05-28,Chicago Bulls,1,4,Miami Heat,2,1,CHI,-1700,MIA,1100
1997,W,1,1997-05-19,1997-05-29,Utah Jazz,1,4,Houston Rockets,3,2,UTA,-220,HOU,180
1997,F,0,1997-06-01,1997-06-13,Chicago Bulls,1,4,Utah Jazz,1,2,CHI,-600,UTA,400
1996,E,3,1996-04-25,1996-05-05,Atlanta Hawks,6,3,Indiana Pacers,3,2,IND,-140,ATL,120
1996,E,3,1996-04-26,1996-05-01,Chicago Bulls,1,3,Miami Heat,8,0,CHI,-2500,MIA,1800
1996,E,3,1996-04-25,1996-05-01,New York Knicks,5,3,Cleveland Cavaliers,4,0,CLE,-185,NYK,165
1996,E,3,1996-04-26,1996-04-30,Orlando Magic,2,3,Detroit Pistons,7,0,ORL,-1500,DET,1000
1996,W,3,1996-04-25,1996-05-02,Houston Rockets,5,3,Los Angeles Lakers,4,1,LAL,-145,HOU,125
1996,W,3,1996-04-26,1996-05-03,San Antonio Spurs,2,3,Phoenix Suns,7,1,SAS,-500,PHO,350
1996,W,3,1996-04-26,1996-05-02,Seattle SuperSonics,1,3,Sacramento Kings,8,1,SEA,-2200,SAC,1500
1996,W,3,1996-04-25,1996-05-05,Utah Jazz,3,3,Portland Trail Blazers,6,2,UTA,-400,POR,300
1996,E,2,1996-05-05,1996-05-14,Chicago Bulls,1,4,New York Knicks,5,1,CHI,-3500,NYK,2200
1996,E,2,1996-05-08,1996-05-15,Orlando Magic,2,4,Atlanta Hawks,6,1,NA,0,NA,0
1996,W,2,1996-05-04,1996-05-12,Seattle SuperSonics,1,4,Houston Rockets,5,0,SEA,-200,HOU,170
1996,W,2,1996-05-07,1996-05-16,Utah Jazz,3,4,San Antonio Spurs,2,2,NA,0,NA,0
1996,E,1,1996-05-19,1996-05-27,Chicago Bulls,1,4,Orlando Magic,2,0,CHI,-500,ORL,350
1996,W,1,1996-05-18,1996-06-02,Seattle SuperSonics,1,4,Utah Jazz,3,3,SEA,-270,UTA,210
1996,F,0,1996-06-05,1996-06-16,Chicago Bulls,1,4,Seattle SuperSonics,1,2,CHI,-950,SEA,650
1995,E,3,1995-04-28,1995-05-04,Chicago Bulls,5,3,Charlotte Hornets,4,1,CHI,-360,CHH,280
1995,E,3,1995-04-27,1995-05-02,Indiana Pacers,2,3,Atlanta Hawks,7,0,IND,-360,ATL,280
1995,E,3,1995-04-27,1995-05-04,New York Knicks,3,3,Cleveland Cavaliers,6,1,NYK,-400,CLE,300
1995,E,3,1995-04-28,1995-05-05,Orlando Magic,1,3,Boston Celtics,8,1,ORL,-950,BOS,650
1995,W,3,1995-04-27,1995-05-07,Houston Rockets,6,3,Utah Jazz,3,2,UTA,-270,HOU,210
1995,W,3,1995-04-27,1995-05-04,Los Angeles Lakers,5,3,Seattle SuperSonics,4,1,SEA,-400,LAL,300
1995,W,3,1995-04-28,1995-05-02,Phoenix Suns,2,3,Portland Trail Blazers,7,0,PHO,-400,POR,300
1995,W,3,1995-04-28,1995-05-02,San Antonio Spurs,1,3,Denver Nuggets,8,0,SAS,-600,DEN,400
1995,E,2,1995-05-07,1995-05-21,Indiana Pacers,2,4,New York Knicks,3,3,NYK,-140,IND,120
1995,E,2,1995-05-07,1995-05-18,Orlando Magic,1,4,Chicago Bulls,5,2,CHI,-185,ORL,165
1995,W,2,1995-05-09,1995-05-20,Houston Rockets,6,4,Phoenix Suns,2,3,PHO,-270,HOU,210
1995,W,2,1995-05-06,1995-05-18,San Antonio Spurs,1,4,Los Angeles Lakers,5,2,SAS,-600,LAL,400
1995,E,1,1995-05-23,1995-06-04,Orlando Magic,1,4,Indiana Pacers,2,3,ORL,-200,IND,170
1995,W,1,1995-05-22,1995-06-01,Houston Rockets,6,4,San Antonio Spurs,1,2,SAS,-330,HOU,250
1995,F,0,1995-06-07,1995-06-14,Houston Rockets,6,4,Orlando Magic,1,0,ORL,-150,HOU,130
1994,E,3,1994-04-28,1994-05-08,Atlanta Hawks,1,3,Miami Heat,8,2,ATL,-360,MIA,280
1994,E,3,1994-04-29,1994-05-03,Chicago Bulls,3,3,Cleveland Cavaliers,6,0,CHI,-250,CLE,200
1994,E,3,1994-04-28,1994-05-02,Indiana Pacers,5,3,Orlando Magic,4,0,ORL,-170,IND,150
1994,E,3,1994-04-29,1994-05-06,New York Knicks,2,3,New Jersey Nets,7,1,NYK,-360,NJN,280
1994,W,3,1994-04-28,1994-05-07,Denver Nuggets,8,3,Seattle SuperSonics,1,2,SEA,-2000,DEN,1400
1994,W,3,1994-04-29,1994-05-06,Houston Rockets,2,3,Portland Trail Blazers,7,1,HOU,-270,POR,210
1994,W,3,1994-04-29,1994-05-04,Phoenix Suns,3,3,Golden State Warriors,6,0,PHO,-360,GSW,280
1994,W,3,1994-04-28,1994-05-05,Utah Jazz,5,3,San Antonio Spurs,4,1,SAS,-200,UTA,170
1994,E,2,1994-05-10,1994-05-19,Indiana Pacers,5,4,Atlanta Hawks,1,2,ATL,-160,IND,140
1994,E,2,1994-05-08,1994-05-22,New York Knicks,2,4,Chicago Bulls,3,3,NYK,-180,CHI,160
1994,W,2,1994-05-08,1994-05-21,Houston Rockets,2,4,Phoenix Suns,3,3,HOU,-120,PHO,100
1994,W,2,1994-05-10,1994-05-21,Utah Jazz,5,4,Denver Nuggets,8,3,UTA,-650,DEN,450
1994,E,1,1994-05-24,1994-06-05,New York Knicks,2,4,Indiana Pacers,5,3,NYK,-200,IND,170
1994,W,1,1994-05-23,1994-05-31,Houston Rockets,2,4,Utah Jazz,5,1,HOU,-270,UTA,210
1994,F,0,1994-06-08,1994-06-22,Houston Rockets,2,4,New York Knicks,2,3,HOU,-220,NYK,180
1993,E,3,1993-04-29,1993-05-05,Charlotte Hornets,5,3,Boston Celtics,4,1,BOS,-165,CHH,145
1993,E,3,1993-04-30,1993-05-04,Chicago Bulls,2,3,Atlanta Hawks,7,0,CHI,-1200,ATL,800
1993,E,3,1993-04-29,1993-05-09,Cleveland Cavaliers,3,3,New Jersey Nets,6,2,CLE,-700,NJN,500
1993,E,3,1993-04-30,1993-05-06,New York Knicks,1,3,Indiana Pacers,8,1,NYK,-900,IND,600
1993,W,3,1993-04-29,1993-05-08,Houston Rockets,2,3,Los Angeles Clippers,7,2,HOU,-600,LAC,400
1993,W,3,1993-04-30,1993-05-09,Phoenix Suns,1,3,Los Angeles Lakers,8,2,PHO,-3000,LAL,2000
1993,W,3,1993-04-29,1993-05-07,San Antonio Spurs,5,3,Portland Trail Blazers,4,1,POR,-250,SAS,200
1993,W,3,1993-04-30,1993-05-08,Seattle SuperSonics,3,3,Utah Jazz,6,2,SEA,-350,UTA,275
1993,E,2,1993-05-11,1993-05-17,Chicago Bulls,2,4,Cleveland Cavaliers,3,0,CHI,-500,CLE,350
1993,E,2,1993-05-09,1993-05-18,New York Knicks,1,4,Charlotte Hornets,5,1,NA,0,NA,0
1993,W,2,1993-05-11,1993-05-20,Phoenix Suns,1,4,San Antonio Spurs,5,2,PHO,-650,SAS,450
1993,W,2,1993-05-10,1993-05-22,Seattle SuperSonics,3,4,Houston Rockets,2,3,SEA,-135,HOU,115
1993,E,1,1993-05-23,1993-06-04,Chicago Bulls,2,4,New York Knicks,1,2,CHI,-150,NYK,130
1993,W,1,1993-05-24,1993-06-05,Phoenix Suns,1,4,Seattle SuperSonics,3,3,PHO,-330,SEA,250
1993,F,0,1993-06-09,1993-06-20,Chicago Bulls,2,4,Phoenix Suns,1,2,CHI,-240,PHO,190
1992,E,3,1992-04-23,1992-04-27,Boston Celtics,2,3,Indiana Pacers,7,0,BOS,-550,IND,350
1992,E,3,1992-04-24,1992-04-29,Chicago Bulls,1,3,Miami Heat,8,0,CHI,-10000,MIA,7500
1992,E,3,1992-04-23,1992-04-30,Cleveland Cavaliers,3,3,New Jersey Nets,6,1,CLE,-850,NJN,550
1992,E,3,1992-04-24,1992-05-03,New York Knicks,4,3,Detroit Pistons,5,2,NYK,-160,DET,120
1992,W,3,1992-04-24,1992-04-29,Phoenix Suns,4,3,San Antonio Spurs,5,0,PHO,-1500,SAS,1000
1992,W,3,1992-04-23,1992-05-03,Portland Trail Blazers,1,3,Los Angeles Lakers,8,1,POR,-2000,LAL,1500
1992,W,3,1992-04-23,1992-04-30,Seattle SuperSonics,6,3,Golden State Warriors,3,1,GSW,-270,SEA,210
1992,W,3,1992-04-24,1992-05-04,Utah Jazz,2,3,Los Angeles Clippers,7,2,UTA,-450,LAC,325
1992,E,2,1992-05-05,1992-05-17,Chicago Bulls,1,4,New York Knicks,4,3,CHI,-2500,NYK,1700
1992,E,2,1992-05-02,1992-05-17,Cleveland Cavaliers,3,4,Boston Celtics,2,3,CLE,-170,BOS,130
1992,W,2,1992-05-05,1992-05-14,Portland Trail Blazers,1,4,Phoenix Suns,4,1,POR,-500,PHO,350
1992,W,2,1992-05-06,1992-05-14,Utah Jazz,2,4,Seattle SuperSonics,6,1,UTA,-200,SEA,160
1992,E,1,1992-05-19,1992-05-29,Chicago Bulls,1,4,Cleveland Cavaliers,3,2,CHI,-650,CLE,450
1992,W,1,1992-05-16,1992-05-28,Portland Trail Blazers,1,4,Utah Jazz,2,2,POR,-360,UTA,280
1992,F,0,1992-06-03,1992-06-14,Chicago Bulls,1,4,Portland Trail Blazers,1,2,CHI,-250,POR,200
1991,E,3,1991-04-26,1991-05-05,Boston Celtics,2,3,Indiana Pacers,7,2,BOS,-900,IND,600
1991,E,3,1991-04-25,1991-04-30,Chicago Bulls,1,3,New York Knicks,8,0,CHI,-1200,NYK,800
1991,E,3,1991-04-26,1991-05-05,Detroit Pistons,3,3,Atlanta Hawks,6,2,DET,-400,ATL,300
1991,E,3,1991-04-25,1991-04-30,Philadelphia 76ers,5,3,Milwaukee Bucks,4,0,MIL,-180,PHI,140
1991,W,3,1991-04-25,1991-05-03,Golden State Warriors,7,3,San Antonio Spurs,2,1,SAS,-500,GSW,350
1991,W,3,1991-04-25,1991-04-30,Los Angeles Lakers,3,3,Houston Rockets,6,0,LAL,-360,HOU,280
1991,W,3,1991-04-26,1991-05-04,Portland Trail Blazers,1,3,Seattle SuperSonics,8,2,POR,-1200,SEA,800
1991,W,3,1991-04-25,1991-05-02,Utah Jazz,5,3,Phoenix Suns,4,1,PHO,-360,UTA,280
1991,E,2,1991-05-04,1991-05-14,Chicago Bulls,1,4,Philadelphia 76ers,5,1,CHI,-500,PHI,350
1991,E,2,1991-05-07,1991-05-17,Detroit Pistons,3,4,Boston Celtics,2,2,BOS,-270,DET,210
1991,W,2,1991-05-05,1991-05-14,Los Angeles Lakers,3,4,Golden State Warriors,7,1,LAL,-800,GSW,550
1991,W,2,1991-05-07,1991-05-14,Portland Trail Blazers,1,4,Utah Jazz,5,1,POR,-650,UTA,450
1991,E,1,1991-05-19,1991-05-27,Chicago Bulls,1,4,Detroit Pistons,3,0,CHI,-270,DET,210
1991,W,1,1991-05-18,1991-05-30,Los Angeles Lakers,3,4,Portland Trail Blazers,1,2,POR,-190,LAL,150
1991,F,0,1991-06-02,1991-06-12,Chicago Bulls,1,4,Los Angeles Lakers,3,1,CHI,-200,LAL,170
1990,E,3,1990-04-27,1990-05-03,Chicago Bulls,3,3,Milwaukee Bucks,6,1,CHI,-650,MIL,450
1990,E,3,1990-04-26,1990-05-01,Detroit Pistons,1,3,Indiana Pacers,8,0,DET,-1200,IND,800
1990,E,3,1990-04-26,1990-05-06,New York Knicks,5,3,Boston Celtics,4,2,BOS,-450,NYK,325
1990,E,3,1990-04-26,1990-05-05,Philadelphia 76ers,2,3,Cleveland Cavaliers,7,2,PHI,-450,CLE,325
1990,W,3,1990-04-27,1990-05-03,Los Angeles Lakers,1,3,Houston Rockets,8,1,LAL,-1200,HOU,800
1990,W,3,1990-04-27,1990-05-06,Phoenix Suns,5,3,Utah Jazz,4,2,UTA,-160,PHO,140
1990,W,3,1990-04-26,1990-05-01,Portland Trail Blazers,3,3,Dallas Mavericks,6,0,POR,-600,DAL,400
1990,W,3,1990-04-26,1990-05-01,San Antonio Spurs,2,3,Denver Nuggets,7,0,SAS,-500,DEN,350
1990,E,2,1990-05-07,1990-05-16,Chicago Bulls,3,4,Philadelphia 76ers,2,1,CHI,-160,PHI,140
1990,E,2,1990-05-08,1990-05-15,Detroit Pistons,1,4,New York Knicks,5,1,DET,-1500,NYK,1000
1990,W,2,1990-05-08,1990-05-15,Phoenix Suns,5,4,Los Angeles Lakers,1,1,LAL,-700,PHO,500
1990,W,2,1990-05-05,1990-05-19,Portland Trail Blazers,3,4,San Antonio Spurs,2,3,POR,-200,SAS,170
1990,E,1,1990-05-20,1990-06-03,Detroit Pistons,1,4,Chicago Bulls,3,3,DET,-280,CHI,220
1990,W,1,1990-05-21,1990-05-31,Portland Trail Blazers,3,4,Phoenix Suns,5,2,PHO,-120,POR,100
1990,F,0,1990-06-05,1990-06-14,Detroit Pistons,1,4,Portland Trail Blazers,3,1,DET,-400,POR,300
1989,E,3,1989-04-28,1989-05-07,Chicago Bulls,6,3,Cleveland Cavaliers,3,2,CLE,-500,CHI,350
1989,E,3,1989-04-28,1989-05-02,Detroit Pistons,1,3,Boston Celtics,8,0,DET,-2000,BOS,1500
1989,E,3,1989-04-27,1989-05-07,Milwaukee Bucks,5,3,Atlanta Hawks,4,2,ATL,-250,MIL,200
1989,E,3,1989-04-27,1989-05-02,New York Knicks,2,3,Philadelphia 76ers,7,0,NYK,-350,PHI,275
1989,W,3,1989-04-27,1989-05-02,Golden State Warriors,7,3,Utah Jazz,2,0,UTA,-1000,GSW,700
1989,W,3,1989-04-27,1989-05-03,Los Angeles Lakers,1,3,Portland Trail Blazers,8,0,LAL,-2500,POR,2000
1989,W,3,1989-04-28,1989-05-02,Phoenix Suns,3,3,Denver Nuggets,6,0,PHO,-1000,DEN,700
1989,W,3,1989-04-28,1989-05-05,Seattle SuperSonics,4,3,Houston Rockets,5,1,SEA,-280,HOU,230
1989,E,2,1989-05-09,1989-05-19,Chicago Bulls,6,4,New York Knicks,2,2,NYK,-500,CHI,350
1989,E,2,1989-05-10,1989-05-15,Detroit Pistons,1,4,Milwaukee Bucks,5,0,DET,-700,MIL,500
1989,W,2,1989-05-07,1989-05-14,Los Angeles Lakers,1,4,Seattle SuperSonics,4,0,LAL,-700,SEA,500
1989,W,2,1989-05-06,1989-05-16,Phoenix Suns,3,4,Golden State Warriors,7,1,PHO,-850,GSW,550
1989,E,1,1989-05-21,1989-06-02,Detroit Pistons,1,4,Chicago Bulls,6,2,DET,-650,CHI,450
1989,W,1,1989-05-20,1989-05-28,Los Angeles Lakers,1,4,Phoenix Suns,3,0,LAL,-300,PHO,240
1989,F,0,1989-06-06,1989-06-13,Detroit Pistons,1,4,Los Angeles Lakers,1,0,LAL,-120,DET,100
1988,E,3,1988-04-29,1988-05-08,Atlanta Hawks,4,3,Milwaukee Bucks,5,2,ATL,-450,MIL,300
1988,E,3,1988-04-29,1988-05-06,Boston Celtics,1,3,New York Knicks,8,1,BOS,-1200,NYK,800
1988,E,3,1988-04-28,1988-05-08,Chicago Bulls,3,3,Cleveland Cavaliers,6,2,CHI,-300,CLE,240
1988,E,3,1988-04-28,1988-05-08,Detroit Pistons,2,3,Washington Bullets,7,2,DET,-800,WSB,550
1988,W,3,1988-04-28,1988-05-05,Dallas Mavericks,3,3,Houston Rockets,6,1,DAL,-400,HOU,300
1988,W,3,1988-04-29,1988-05-07,Denver Nuggets,2,3,Seattle SuperSonics,7,2,DEN,-500,SEA,350
1988,W,3,1988-04-29,1988-05-03,Los Angeles Lakers,1,3,San Antonio Spurs,8,0,LAL,-3000,SAS,2000
1988,W,3,1988-04-28,1988-05-06,Utah Jazz,5,3,Portland Trail Blazers,4,1,POR,-250,UTA,200
1988,E,2,1988-05-11,1988-05-22,Boston Celtics,1,4,Atlanta Hawks,4,3,BOS,-500,ATL,300
1988,E,2,1988-05-10,1988-05-18,Detroit Pistons,2,4,Chicago Bulls,3,1,DET,-240,CHI,200
1988,W,2,1988-05-10,1988-05-19,Dallas Mavericks,3,4,Denver Nuggets,2,2,DEN,-170,DAL,150
1988,W,2,1988-05-08,1988-05-21,Los Angeles Lakers,1,4,Utah Jazz,5,3,NA,0,NA,0
1988,E,1,1988-05-25,1988-06-03,Detroit Pistons,2,4,Boston Celtics,1,2,BOS,-250,DET,200
1988,W,1,1988-05-23,1988-06-04,Los Angeles Lakers,1,4,Dallas Mavericks,3,3,LAL,-450,DAL,300
1988,F,0,1988-06-07,1988-06-21,Los Angeles Lakers,1,4,Detroit Pistons,2,3,LAL,-260,DET,210
1987,E,3,1987-04-24,1987-05-01,Atlanta Hawks,2,3,Indiana Pacers,7,1,NA,0,NA,0
1987,E,3,1987-04-23,1987-04-28,Boston Celtics,1,3,Chicago Bulls,8,0,NA,0,NA,0
1987,E,3,1987-04-24,1987-04-29,Detroit Pistons,3,3,Washington Bullets,6,0,NA,0,NA,0
1987,E,3,1987-04-24,1987-05-03,Milwaukee Bucks,4,3,Philadelphia 76ers,5,2,NA,0,NA,0
1987,W,3,1987-04-23,1987-05-03,Golden State Warriors,5,3,Utah Jazz,4,2,NA,0,NA,0
1987,W,3,1987-04-24,1987-04-30,Houston Rockets,6,3,Portland Trail Blazers,3,1,NA,0,NA,0
1987,W,3,1987-04-23,1987-04-29,Los Angeles Lakers,1,3,Denver Nuggets,8,0,NA,0,NA,0
1987,W,3,1987-04-23,1987-04-30,Seattle SuperSonics,7,3,Dallas Mavericks,2,1,NA,0,NA,0
1987,E,2,1987-05-05,1987-05-17,Boston Celtics,1,4,Milwaukee Bucks,4,3,NA,0,NA,0
1987,E,2,1987-05-03,1987-05-13,Detroit Pistons,3,4,Atlanta Hawks,2,1,NA,0,NA,0
1987,W,2,1987-05-05,1987-05-12,Los Angeles Lakers,1,4,Golden State Warriors,5,1,NA,0,NA,0
1987,W,2,1987-05-02,1987-05-14,Seattle SuperSonics,7,4,Houston Rockets,6,2,NA,0,NA,0
1987,E,1,1987-05-19,1987-05-30,Boston Celtics,1,4,Detroit Pistons,3,3,NA,0,NA,0
1987,W,1,1987-05-16,1987-05-25,Los Angeles Lakers,1,4,Seattle SuperSonics,7,0,NA,0,NA,0
1987,F,0,1987-06-02,1987-06-14,Los Angeles Lakers,1,4,Boston Celtics,1,2,NA,0,NA,0
1986,E,3,1986-04-17,1986-04-25,Atlanta Hawks,4,3,Detroit Pistons,5,1,NA,0,NA,0
1986,E,3,1986-04-17,1986-04-22,Boston Celtics,1,3,Chicago Bulls,8,0,NA,0,NA,0
1986,E,3,1986-04-18,1986-04-22,Milwaukee Bucks,2,3,New Jersey Nets,7,0,NA,0,NA,0
1986,E,3,1986-04-18,1986-04-27,Philadelphia 76ers,3,3,Washington Bullets,6,2,NA,0,NA,0
1986,W,3,1986-04-18,1986-04-25,Dallas Mavericks,4,3,Utah Jazz,5,1,NA,0,NA,0
1986,W,3,1986-04-18,1986-04-24,Denver Nuggets,3,3,Portland Trail Blazers,6,1,NA,0,NA,0
1986,W,3,1986-04-17,1986-04-22,Houston Rockets,2,3,Sacramento Kings,7,0,NA,0,NA,0
1986,W,3,1986-04-17,1986-04-23,Los Angeles Lakers,1,3,San Antonio Spurs,8,0,NA,0,NA,0
1986,E,2,1986-04-27,1986-05-06,Boston Celtics,1,4,Atlanta Hawks,4,1,NA,0,NA,0
1986,E,2,1986-04-29,1986-05-11,Milwaukee Bucks,2,4,Philadelphia 76ers,3,3,NA,0,NA,0
1986,W,2,1986-04-26,1986-05-08,Houston Rockets,2,4,Denver Nuggets,3,2,NA,0,NA,0
1986,W,2,1986-04-27,1986-05-08,Los Angeles Lakers,1,4,Dallas Mavericks,4,2,NA,0,NA,0
1986,E,1,1986-05-13,1986-05-18,Boston Celtics,1,4,Milwaukee Bucks,2,0,NA,0,NA,0
1986,W,1,1986-05-10,1986-05-21,Houston Rockets,2,4,Los Angeles Lakers,1,1,NA,0,NA,0
1986,F,0,1986-05-26,1986-06-08,Boston Celtics,1,4,Houston Rockets,2,2,NA,0,NA,0
1985,E,3,1985-04-18,1985-04-25,Boston Celtics,1,3,Cleveland Cavaliers,8,1,NA,0,NA,0
1985,E,3,1985-04-18,1985-04-24,Detroit Pistons,4,3,New Jersey Nets,5,0,NA,0,NA,0
1985,E,3,1985-04-19,1985-04-26,Milwaukee Bucks,2,3,Chicago Bulls,7,1,NA,0,NA,0
1985,E,3,1985-04-17,1985-04-26,Philadelphia 76ers,3,3,Washington Bullets,6,1,NA,0,NA,0
1985,W,3,1985-04-18,1985-04-28,Denver Nuggets,2,3,San Antonio Spurs,7,2,NA,0,NA,0
1985,W,3,1985-04-18,1985-04-23,Los Angeles Lakers,1,3,Phoenix Suns,8,0,NA,0,NA,0
1985,W,3,1985-04-18,1985-04-25,Portland Trail Blazers,5,3,Dallas Mavericks,4,1,NA,0,NA,0
1985,W,3,1985-04-19,1985-04-28,Utah Jazz,6,3,Houston Rockets,3,2,NA,0,NA,0
1985,E,2,1985-04-28,1985-05-10,Boston Celtics,1,4,Detroit Pistons,4,2,NA,0,NA,0
1985,E,2,1985-04-28,1985-05-05,Philadelphia 76ers,3,4,Milwaukee Bucks,2,0,NA,0,NA,0
1985,W,2,1985-04-30,1985-05-07,Denver Nuggets,2,4,Utah Jazz,6,1,NA,0,NA,0
1985,W,2,1985-04-27,1985-05-07,Los Angeles Lakers,1,4,Portland Trail Blazers,5,1,NA,0,NA,0
1985,E,1,1985-05-12,1985-05-22,Boston Celtics,1,4,Philadelphia 76ers,3,1,NA,0,NA,0
1985,W,1,1985-05-11,1985-05-22,Los Angeles Lakers,1,4,Denver Nuggets,2,1,NA,0,NA,0
1985,F,0,1985-05-27,1985-06-09,Los Angeles Lakers,1,4,Boston Celtics,1,2,NA,0,NA,0
1984,E,3,1984-04-17,1984-04-24,Boston Celtics,1,3,Washington Bullets,8,1,NA,0,NA,0
1984,E,3,1984-04-17,1984-04-26,Milwaukee Bucks,2,3,Atlanta Hawks,7,2,NA,0,NA,0
1984,E,3,1984-04-18,1984-04-26,New Jersey Nets,6,3,Philadelphia 76ers,3,2,NA,0,NA,0
1984,E,3,1984-04-17,1984-04-27,New York Knicks,5,3,Detroit Pistons,4,2,NA,0,NA,0
1984,W,3,1984-04-17,1984-04-26,Dallas Mavericks,4,3,Seattle SuperSonics,5,2,NA,0,NA,0
1984,W,3,1984-04-18,1984-04-22,Los Angeles Lakers,1,3,Kansas City Kings,8,0,NA,0,NA,0
1984,W,3,1984-04-18,1984-04-26,Phoenix Suns,6,3,Portland Trail Blazers,3,2,NA,0,NA,0
1984,W,3,1984-04-17,1984-04-26,Utah Jazz,2,3,Denver Nuggets,7,2,NA,0,NA,0
1984,E,2,1984-04-29,1984-05-13,Boston Celtics,1,4,New York Knicks,5,3,NA,0,NA,0
1984,E,2,1984-04-29,1984-05-10,Milwaukee Bucks,2,4,New Jersey Nets,6,2,NA,0,NA,0
1984,W,2,1984-04-28,1984-05-08,Los Angeles Lakers,1,4,Dallas Mavericks,4,1,NA,0,NA,0
1984,W,2,1984-04-29,1984-05-10,Phoenix Suns,6,4,Utah Jazz,2,2,NA,0,NA,0
1984,E,1,1984-05-15,1984-05-23,Boston Celtics,1,4,Milwaukee Bucks,2,1,NA,0,NA,0
1984,W,1,1984-05-12,1984-05-25,Los Angeles Lakers,1,4,Phoenix Suns,6,2,NA,0,NA,0
1984,F,0,1984-05-27,1984-06-12,Boston Celtics,1,4,Los Angeles Lakers,1,3,NA,0,NA,0
1983,E,3,1983-04-19,1983-04-24,Boston Celtics,3,2,Atlanta Hawks,6,1,NA,0,NA,0
1983,E,3,1983-04-20,1983-04-21,New York Knicks,5,2,New Jersey Nets,4,0,NA,0,NA,0
1983,W,3,1983-04-19,1983-04-24,Denver Nuggets,6,2,Phoenix Suns,3,1,NA,0,NA,0
1983,W,3,1983-04-20,1983-04-22,Portland Trail Blazers,5,2,Seattle SuperSonics,4,0,NA,0,NA,0
1983,E,2,1983-04-27,1983-05-02,Milwaukee Bucks,2,4,Boston Celtics,3,0,NA,0,NA,0
1983,E,2,1983-04-24,1983-05-01,Philadelphia 76ers,1,4,New York Knicks,5,0,NA,0,NA,0
1983,W,2,1983-04-24,1983-05-03,Los Angeles Lakers,1,4,Portland Trail Blazers,5,1,NA,0,NA,0
1983,W,2,1983-04-26,1983-05-04,San Antonio Spurs,2,4,Denver Nuggets,6,1,NA,0,NA,0
1983,E,1,1983-05-08,1983-05-18,Philadelphia 76ers,1,4,Milwaukee Bucks,2,1,NA,0,NA,0
1983,W,1,1983-05-08,1983-05-20,Los Angeles Lakers,1,4,San Antonio Spurs,2,2,NA,0,NA,0
1983,F,0,1983-05-22,1983-05-31,Philadelphia 76ers,1,4,Los Angeles Lakers,1,0,NA,0,NA,0
1982,E,3,1982-04-21,1982-04-23,Philadelphia 76ers,3,2,Atlanta Hawks,6,0,NA,0,NA,0
1982,E,3,1982-04-20,1982-04-23,Washington Bullets,5,2,New Jersey Nets,4,0,NA,0,NA,0
1982,W,3,1982-04-20,1982-04-24,Phoenix Suns,5,2,Denver Nuggets,4,1,NA,0,NA,0
1982,W,3,1982-04-21,1982-04-25,Seattle SuperSonics,3,2,Houston Rockets,6,1,NA,0,NA,0
1982,E,2,1982-04-25,1982-05-05,Boston Celtics,1,4,Washington Bullets,5,1,NA,0,NA,0
1982,E,2,1982-04-25,1982-05-07,Philadelphia 76ers,3,4,Milwaukee Bucks,2,2,NA,0,NA,0
1982,W,2,1982-04-27,1982-05-02,Los Angeles Lakers,1,4,Phoenix Suns,5,0,NA,0,NA,0
1982,W,2,1982-04-27,1982-05-05,San Antonio Spurs,2,4,Seattle SuperSonics,3,1,NA,0,NA,0
1982,E,1,1982-05-09,1982-05-23,Philadelphia 76ers,3,4,Boston Celtics,1,3,NA,0,NA,0
1982,W,1,1982-05-09,1982-05-15,Los Angeles Lakers,1,4,San Antonio Spurs,2,0,NA,0,NA,0
1982,F,0,1982-05-27,1982-06-08,Los Angeles Lakers,1,4,Philadelphia 76ers,3,2,NA,0,NA,0
1981,E,3,1981-03-31,1981-04-03,Chicago Bulls,5,2,New York Knicks,4,0,NA,0,NA,0
1981,E,3,1981-03-31,1981-04-02,Philadelphia 76ers,3,2,Indiana Pacers,6,0,NA,0,NA,0
1981,W,3,1981-04-01,1981-04-05,Houston Rockets,6,2,Los Angeles Lakers,3,1,NA,0,NA,0
1981,W,3,1981-04-01,1981-04-05,Kansas City Kings,5,2,Portland Trail Blazers,4,1,NA,0,NA,0
1981,E,2,1981-04-05,1981-04-12,Boston Celtics,1,4,Chicago Bulls,5,0,NA,0,NA,0
1981,E,2,1981-04-05,1981-04-19,Philadelphia 76ers,3,4,Milwaukee Bucks,2,3,NA,0,NA,0
1981,W,2,1981-04-07,1981-04-17,Houston Rockets,6,4,San Antonio Spurs,2,3,NA,0,NA,0
1981,W,2,1981-04-07,1981-04-19,Kansas City Kings,5,4,Phoenix Suns,1,3,NA,0,NA,0
1981,E,1,1981-04-21,1981-05-03,Boston Celtics,1,4,Philadelphia 76ers,3,3,NA,0,NA,0
1981,W,1,1981-04-21,1981-04-29,Houston Rockets,6,4,Kansas City Kings,5,1,NA,0,NA,0
1981,F,0,1981-05-05,1981-05-14,Boston Celtics,1,4,Houston Rockets,6,2,NA,0,NA,0
1980,E,3,1980-04-02,1980-04-06,Houston Rockets,4,2,San Antonio Spurs,5,1,NA,0,NA,0
1980,E,3,1980-04-02,1980-04-04,Philadelphia 76ers,3,2,Washington Bullets,6,0,NA,0,NA,0
1980,W,3,1980-04-02,1980-04-06,Phoenix Suns,4,2,Kansas City Kings,5,1,NA,0,NA,0
1980,W,3,1980-04-02,1980-04-06,Seattle SuperSonics,3,2,Portland Trail Blazers,6,1,NA,0,NA,0
1980,E,2,1980-04-09,1980-04-14,Boston Celtics,1,4,Houston Rockets,4,0,NA,0,NA,0
1980,E,2,1980-04-06,1980-04-15,Philadelphia 76ers,3,4,Atlanta Hawks,2,1,NA,0,NA,0
1980,W,2,1980-04-08,1980-04-15,Los Angeles Lakers,1,4,Phoenix Suns,4,1,NA,0,NA,0
1980,W,2,1980-04-08,1980-04-20,Seattle SuperSonics,3,4,Milwaukee Bucks,2,3,NA,0,NA,0
1980,E,1,1980-04-18,1980-04-27,Philadelphia 76ers,3,4,Boston Celtics,1,1,NA,0,NA,0
1980,W,1,1980-04-22,1980-04-30,Los Angeles Lakers,1,4,Seattle SuperSonics,3,1,NA,0,NA,0
1980,F,0,1980-05-04,1980-05-16,Los Angeles Lakers,1,4,Philadelphia 76ers,3,2,NA,0,NA,0
1979,E,3,1979-04-11,1979-04-13,Atlanta Hawks,5,2,Houston Rockets,4,0,NA,0,NA,0
1979,E,3,1979-04-11,1979-04-13,Philadelphia 76ers,3,2,New Jersey Nets,6,0,NA,0,NA,0
1979,W,3,1979-04-10,1979-04-15,Los Angeles Lakers,5,2,Denver Nuggets,4,1,NA,0,NA,0
1979,W,3,1979-04-10,1979-04-15,Phoenix Suns,3,2,Portland Trail Blazers,6,1,NA,0,NA,0
1979,E,2,1979-04-15,1979-05-02,San Antonio Spurs,2,4,Philadelphia 76ers,3,3,NA,0,NA,0
1979,E,2,1979-04-15,1979-04-29,Washington Bullets,1,4,Atlanta Hawks,5,3,NA,0,NA,0
1979,W,2,1979-04-17,1979-04-27,Phoenix Suns,3,4,Kansas City Kings,2,1,NA,0,NA,0
1979,W,2,1979-04-17,1979-04-25,Seattle SuperSonics,1,4,Los Angeles Lakers,5,1,NA,0,NA,0
1979,E,1,1979-05-04,1979-05-18,Washington Bullets,1,4,San Antonio Spurs,2,3,NA,0,NA,0
1979,W,1,1979-05-01,1979-05-17,Seattle SuperSonics,1,4,Phoenix Suns,3,3,NA,0,NA,0
1979,F,0,1979-05-20,1979-06-01,Seattle SuperSonics,1,4,Washington Bullets,1,1,NA,0,NA,0
1978,E,3,1978-04-12,1978-04-14,New York Knicks,5,2,Cleveland Cavaliers,4,0,NA,0,NA,0
1978,E,3,1978-04-12,1978-04-14,Washington Bullets,3,2,Atlanta Hawks,6,0,NA,0,NA,0
1978,W,3,1978-04-11,1978-04-14,Milwaukee Bucks,6,2,Phoenix Suns,3,0,NA,0,NA,0
1978,W,3,1978-04-12,1978-04-16,Seattle SuperSonics,4,2,Los Angeles Lakers,5,1,NA,0,NA,0
1978,E,2,1978-04-16,1978-04-23,Philadelphia 76ers,1,4,New York Knicks,5,0,NA,0,NA,0
1978,E,2,1978-04-16,1978-04-28,Washington Bullets,3,4,San Antonio Spurs,2,2,NA,0,NA,0
1978,W,2,1978-04-18,1978-05-03,Denver Nuggets,2,4,Milwaukee Bucks,6,3,NA,0,NA,0
1978,W,2,1978-04-18,1978-05-01,Seattle SuperSonics,4,4,Portland Trail Blazers,1,2,NA,0,NA,0
1978,E,1,1978-04-30,1978-05-12,Washington Bullets,3,4,Philadelphia 76ers,1,2,NA,0,NA,0
1978,W,1,1978-05-05,1978-05-17,Seattle SuperSonics,4,4,Denver Nuggets,2,2,NA,0,NA,0
1978,F,0,1978-05-21,1978-06-07,Washington Bullets,3,4,Seattle SuperSonics,4,3,NA,0,NA,0
1977,E,3,1977-04-12,1977-04-15,Boston Celtics,4,2,San Antonio Spurs,5,0,NA,0,NA,0
1977,E,3,1977-04-13,1977-04-17,Washington Bullets,3,2,Cleveland Cavaliers,6,1,NA,0,NA,0
1977,W,3,1977-04-12,1977-04-17,Golden State Warriors,4,2,Detroit Pistons,5,1,NA,0,NA,0
1977,W,3,1977-04-12,1977-04-17,Portland Trail Blazers,3,2,Chicago Bulls,6,1,NA,0,NA,0
1977,E,2,1977-04-19,1977-05-01,Houston Rockets,2,4,Washington Bullets,3,2,NA,0,NA,0
1977,E,2,1977-04-17,1977-05-01,Philadelphia 76ers,1,4,Boston Celtics,4,3,NA,0,NA,0
1977,W,2,1977-04-20,1977-05-04,Los Angeles Lakers,1,4,Golden State Warriors,4,3,NA,0,NA,0
1977,W,2,1977-04-20,1977-05-02,Portland Trail Blazers,3,4,Denver Nuggets,2,2,NA,0,NA,0
1977,E,1,1977-05-05,1977-05-17,Philadelphia 76ers,1,4,Houston Rockets,2,2,NA,0,NA,0
1977,W,1,1977-05-06,1977-05-13,Portland Trail Blazers,3,4,Los Angeles Lakers,1,0,NA,0,NA,0
1977,F,0,1977-05-22,1977-06-05,Portland Trail Blazers,3,4,Philadelphia 76ers,1,2,NA,0,NA,0
1976,E,3,1976-04-15,1976-04-18,Buffalo Braves,5,2,Philadelphia 76ers,4,1,NA,0,NA,0
1976,W,3,1976-04-13,1976-04-18,Detroit Pistons,5,2,Milwaukee Bucks,4,1,NA,0,NA,0
1976,E,2,1976-04-21,1976-05-02,Boston Celtics,1,4,Buffalo Braves,5,2,NA,0,NA,0
1976,E,2,1976-04-13,1976-04-29,Cleveland Cavaliers,2,4,Washington Bullets,3,3,NA,0,NA,0
1976,W,2,1976-04-20,1976-04-30,Golden State Warriors,1,4,Detroit Pistons,5,2,NA,0,NA,0
1976,W,2,1976-04-13,1976-04-27,Phoenix Suns,3,4,Seattle SuperSonics,2,2,NA,0,NA,0
1976,E,1,1976-05-06,1976-05-18,Boston Celtics,1,4,Cleveland Cavaliers,2,2,NA,0,NA,0
1976,W,1,1976-05-02,1976-05-16,Phoenix Suns,3,4,Golden State Warriors,1,3,NA,0,NA,0
1976,F,0,1976-05-23,1976-06-06,Boston Celtics,1,4,Phoenix Suns,3,2,NA,0,NA,0
1975,E,3,1975-04-08,1975-04-12,Houston Rockets,4,2,New York Knicks,5,1,NA,0,NA,0
1975,W,3,1975-04-08,1975-04-12,Seattle SuperSonics,4,2,Detroit Pistons,5,1,NA,0,NA,0
1975,E,2,1975-04-14,1975-04-24,Boston Celtics,1,4,Houston Rockets,4,1,NA,0,NA,0
1975,E,2,1975-04-10,1975-04-25,Washington Bullets,2,4,Buffalo Braves,3,3,NA,0,NA,0
1975,W,2,1975-04-09,1975-04-23,Chicago Bulls,2,4,Kansas City-Omaha Kings,3,2,NA,0,NA,0
1975,W,2,1975-04-14,1975-04-24,Golden State Warriors,1,4,Seattle SuperSonics,4,2,NA,0,NA,0
1975,E,1,1975-04-27,1975-05-11,Washington Bullets,2,4,Boston Celtics,1,2,NA,0,NA,0
1975,W,1,1975-04-27,1975-05-14,Golden State Warriors,1,4,Chicago Bulls,2,3,NA,0,NA,0
1975,F,0,1975-05-18,1975-05-25,Golden State Warriors,1,4,Washington Bullets,2,0,NA,0,NA,0
1974,E,2,1974-03-30,1974-04-12,Boston Celtics,1,4,Buffalo Braves,4,2,NA,0,NA,0
1974,E,2,1974-03-29,1974-04-12,New York Knicks,2,4,Capital Bullets,3,3,NA,0,NA,0
1974,W,2,1974-03-30,1974-04-13,Chicago Bulls,2,4,Detroit Pistons,3,3,NA,0,NA,0
1974,W,2,1974-03-29,1974-04-07,Milwaukee Bucks,1,4,Los Angeles Lakers,4,1,NA,0,NA,0
1974,E,1,1974-04-14,1974-04-24,Boston Celtics,1,4,New York Knicks,2,1,NA,0,NA,0
1974,W,1,1974-04-16,1974-04-22,Milwaukee Bucks,1,4,Chicago Bulls,2,0,NA,0,NA,0
1974,F,0,1974-04-28,1974-05-12,Boston Celtics,1,4,Milwaukee Bucks,1,3,NA,0,NA,0
1973,E,2,1973-04-01,1973-04-13,Boston Celtics,1,4,Atlanta Hawks,4,2,NA,0,NA,0
1973,E,2,1973-03-30,1973-04-08,New York Knicks,2,4,Baltimore Bullets,3,1,NA,0,NA,0
1973,W,2,1973-03-30,1973-04-13,Golden State Warriors,4,4,Milwaukee Bucks,1,2,NA,0,NA,0
1973,W,2,1973-03-30,1973-04-15,Los Angeles Lakers,2,4,Chicago Bulls,3,3,NA,0,NA,0
1973,E,1,1973-04-15,1973-04-29,New York Knicks,2,4,Boston Celtics,1,3,NA,0,NA,0
1973,W,1,1973-04-17,1973-04-25,Los Angeles Lakers,2,4,Golden State Warriors,4,1,NA,0,NA,0
1973,F,0,1973-05-01,1973-05-10,New York Knicks,2,4,Los Angeles Lakers,2,1,NA,0,NA,0
1972,E,2,1972-03-29,1972-04-09,Boston Celtics,1,4,Atlanta Hawks,2,2,NA,0,NA,0
1972,E,2,1972-03-31,1972-04-11,New York Knicks,2,4,Baltimore Bullets,1,2,NA,0,NA,0
1972,W,2,1972-03-28,1972-04-04,Los Angeles Lakers,1,4,Chicago Bulls,2,0,NA,0,NA,0
1972,W,2,1972-03-28,1972-04-06,Milwaukee Bucks,1,4,Golden State Warriors,2,1,NA,0,NA,0
1972,E,1,1972-04-13,1972-04-23,New York Knicks,2,4,Boston Celtics,1,1,NA,0,NA,0
1972,W,1,1972-04-09,1972-04-22,Los Angeles Lakers,1,4,Milwaukee Bucks,1,2,NA,0,NA,0
1972,F,0,1972-04-26,1972-05-07,Los Angeles Lakers,1,4,New York Knicks,2,1,NA,0,NA,0
1971,E,2,1971-03-24,1971-04-04,Baltimore Bullets,1,4,Philadelphia 76ers,2,3,NA,0,NA,0
1971,E,2,1971-03-25,1971-04-01,New York Knicks,1,4,Atlanta Hawks,2,1,NA,0,NA,0
1971,W,2,1971-03-24,1971-04-06,Los Angeles Lakers,1,4,Chicago Bulls,2,3,NA,0,NA,0
1971,W,2,1971-03-27,1971-04-04,Milwaukee Bucks,1,4,San Francisco Warriors,2,1,NA,0,NA,0
1971,E,1,1971-04-06,1971-04-19,Baltimore Bullets,1,4,New York Knicks,1,3,NA,0,NA,0
1971,W,1,1971-04-09,1971-04-18,Milwaukee Bucks,1,4,Los Angeles Lakers,1,1,NA,0,NA,0
1971,F,0,1971-04-21,1971-04-30,Milwaukee Bucks,1,4,Baltimore Bullets,1,0,NA,0,NA,0
