country,vs,team_score,vs_score,date,#,Players,Min,Pts,FG,2Pts,3Pts,FT,OREB,DREB,REB,AST,PF,TO,STL,BLK,+/-,EFF
Iran,Czech Republic,78,84,2507,3,Mohammadsina Vahedi,02:33,0,0/2,0/1,0/1,0/0,0,0,0,0,0,1,0,0,-3,-3
Iran,Czech Republic,78,84,2507,5,Pujan Jalalpoor,09:04,3,1/3,0/2,1/1,0/0,0,0,0,0,0,1,0,0,-6,0
Iran,Czech Republic,78,84,2507,7,Mohammad Hassanzadeh,0:0,0,0/0,0/0,0/0,0/0,0,0,0,0,0,0,0,0,0,0
Iran,Czech Republic,78,84,2507,8,Saeid Davarpanah,0:0,0,0/0,0/0,0/0,0/0,0,0,0,0,0,0,0,0,0,0
Iran,Czech Republic,78,84,2507,13,Mohammad Jamshidijafarabadi,28:36,16,7/11,6/9,1/2,1/2,0,1,1,7,1,7,1,0,-5,13
Iran,Czech Republic,78,84,2507,14,Mohammadsamad Nik Khahbahrami,32:05,8,3/11,1/3,2/8,0/0,1,5,6,2,2,3,3,0,-1,8
Iran,Czech Republic,78,84,2507,15,Hamed Haddadi,28:48,15,5/9,5/9,0/0,5/8,2,8,10,4,5,4,2,1,1,21
Iran,Czech Republic,78,84,2507,17,Navid Rezaeifar,18:35,4,2/4,2/2,0/2,0/0,1,2,3,2,1,1,0,0,14,6
Iran,Czech Republic,78,84,2507,20,Michael Rostampour,13:06,2,1/2,1/1,0/1,0/1,1,1,2,0,2,0,0,0,-9,2
Iran,Czech Republic,78,84,2507,23,Aaron Geramipoor,11:12,2,1/1,1/1,0/0,0/0,1,2,3,0,3,2,0,0,-7,3
Iran,Czech Republic,78,84,2507,41,Arsalan Kazemi,19:53,5,2/3,2/3,0/0,1/3,1,1,2,1,2,0,2,0,-7,7
Iran,Czech Republic,78,84,2507,88,Behnam Yakhchalidehkordi,36:08,23,9/16,7/12,2/4,3/3,0,3,3,4,2,2,1,0,-7,22
Czech Republic,Iran,84,78,2507,1,Patrik Auda,22:37,16,4/7,4/7,0/0,8/10,2,4,6,0,3,3,0,0,7,14
Czech Republic,Iran,84,78,2507,4,Tomas Vyoral,0:0,0,0/0,0/0,0/0,0/0,0,0,0,0,0,0,0,0,0,0
Czech Republic,Iran,84,78,2507,8,Tomas Satoransky,34:01,6,2/14,2/9,0/5,2/2,5,3,8,8,1,6,5,0,7,9
Czech Republic,Iran,84,78,2507,11,Blake Schilb,24:02,14,6/10,4/5,2/5,0/0,1,3,4,5,0,1,0,1,2,19
Czech Republic,Iran,84,78,2507,12,Ondrej Balvín,19:02,9,4/6,4/5,0/1,1/2,5,3,8,0,2,2,0,1,2,13
Czech Republic,Iran,84,78,2507,13,Jakub Sirina,14:42,5,2/4,1/2,1/2,0/0,0,2,2,3,1,0,0,0,9,8
Czech Republic,Iran,84,78,2507,15,Martin Peterka,13:40,5,2/5,1/2,1/3,0/0,0,3,3,2,2,0,2,0,1,9
Czech Republic,Iran,84,78,2507,17,Jaromir Bohacik,21:14,6,3/8,3/3,0/5,0/0,0,0,0,5,3,0,1,0,1,7
Czech Republic,Iran,84,78,2507,19,Ondrej Sehnal,03:38,0,0/0,0/0,0/0,0/0,1,0,1,1,0,0,0,0,-1,2
Czech Republic,Iran,84,78,2507,23,Lukas Palyza,10:17,5,2/5,1/1,1/4,0/0,0,1,1,0,1,0,0,0,-5,3
Czech Republic,Iran,84,78,2507,24,Jan Vesely,24:41,11,5/7,5/7,0/0,1/4,1,6,7,3,1,3,2,0,2,15
Czech Republic,Iran,84,78,2507,25,David Jelinek,12:06,7,3/8,2/3,1/5,0/0,0,0,0,2,3,0,2,0,5,6
Germany,Italy,82,92,2507,0,Isaac Bonga,27:05,13,5/8,3/4,2/4,1/2,0,3,3,4,1,2,2,2,-21,18
Germany,Italy,82,92,2507,1,Joshiko Saibou,09:39,6,3/5,3/4,0/1,0/0,1,2,3,1,3,2,0,0,-12,6
Germany,Italy,82,92,2507,4,Maodo Lo,28:29,24,9/12,3/3,6/9,0/0,0,4,4,4,2,3,0,0,-2,26
Germany,Italy,82,92,2507,5,Niels Giffey,19:52,3,1/3,0/2,1/1,0/0,1,1,2,0,0,0,1,0,10,4
Germany,Italy,82,92,2507,6,Jan Niklas Wimberg,00:09,0,0/0,0/0,0/0,0/0,0,0,0,0,0,0,0,0,0,0
Germany,Italy,82,92,2507,7,Johannes Voigtmann,21:31,3,1/2,0/0,1/2,0/0,2,4,6,4,3,3,0,0,-3,9
Germany,Italy,82,92,2507,12,Robin Benzing,05:18,0,0/2,0/0,0/2,0/0,0,2,2,0,3,0,1,0,1,1
Germany,Italy,82,92,2507,13,Moritz Wagner,20:36,12,3/10,3/9,0/1,6/7,0,4,4,1,3,1,0,0,-10,8
Germany,Italy,82,92,2507,19,Lukas Wank,00:09,0,0/0,0/0,0/0,0/0,0,0,0,0,0,0,0,0,0,0
Germany,Italy,82,92,2507,22,Danilo Barthel,18:11,5,2/6,1/5,1/1,0/0,1,0,1,0,0,2,0,0,4,0
Germany,Italy,82,92,2507,32,Johannes Thiemann,19:33,4,2/5,2/3,0/2,0/0,1,2,3,0,1,0,1,0,-11,5
Germany,Italy,82,92,2507,42,Andreas Obst,29:28,12,4/11,0/2,4/9,0/0,0,0,0,1,0,0,1,0,-6,7
Italy,Germany,92,82,2507,0,Marco Spissu,0:0,0,0/0,0/0,0/0,0/0,0,0,0,0,0,0,0,0,0,0
Italy,Germany,92,82,2507,1,Nico Mannion,23:31,10,4/10,2/5,2/5,0/0,0,0,0,7,0,1,0,0,0,10
Italy,Germany,92,82,2507,7,Stefano Tonut,31:32,18,8/13,6/8,2/5,0/0,1,2,3,2,2,1,3,0,4,20
Italy,Germany,92,82,2507,8,Danilo Gallinari,25:27,18,6/9,4/7,2/2,4/5,0,2,2,2,3,0,1,1,19,20
Italy,Germany,92,82,2507,9,Nicolò Melli,25:49,13,5/10,3/5,2/5,1/2,4,5,9,1,3,1,2,0,4,18
Italy,Germany,92,82,2507,13,Simone Fontecchio,29:49,20,7/13,2/8,5/5,1/2,1,3,4,2,2,2,3,1,8,21
Italy,Germany,92,82,2507,16,Amedeo Tessitori,04:25,0,0/1,0/1,0/0,0/0,0,2,2,1,1,2,0,0,5,0
Italy,Germany,92,82,2507,17,Giampaolo Ricci,0:0,0,0/0,0/0,0/0,0/0,0,0,0,0,0,0,0,0,0,0
Italy,Germany,92,82,2507,24,Riccardo Moraschini,11:15,8,2/4,1/2,1/2,3/3,1,1,2,1,0,1,0,0,3,8
Italy,Germany,92,82,2507,31,Michele Vitali,07:10,3,1/1,0/0,1/1,0/0,0,2,2,1,0,0,0,0,7,6
Italy,Germany,92,82,2507,33,Achille Polonara,23:18,0,0/6,0/0,0/6,0/0,0,4,4,1,1,1,0,2,-13,0
Italy,Germany,92,82,2507,54,Alessandro Pajola,17:44,2,1/1,1/1,0/0,0/0,0,3,3,2,3,0,2,0,13,9
Australia,Nigeria,84,67,2507,4,Chris Goulding,06:03,0,0/2,0/1,0/1,0/0,0,0,0,0,0,1,0,0,-6,-3
Australia,Nigeria,84,67,2507,5,Patty Mills,34:32,25,7/16,2/8,5/8,6/8,2,2,4,6,2,3,4,0,20,25
Australia,Nigeria,84,67,2507,6,Josh Green,05:45,0,0/1,0/1,0/0,0/0,2,0,2,0,1,0,2,0,-1,3
Australia,Nigeria,84,67,2507,7,Joe Ingles,32:28,11,4/12,2/7,2/5,1/1,0,4,4,3,2,3,0,0,11,7
Australia,Nigeria,84,67,2507,8,Matthew Dellavedova,16:04,8,2/5,0/1,2/4,2/2,0,3,3,3,2,2,0,0,9,9
Australia,Nigeria,84,67,2507,9,Nathan Sobey,01:51,0,0/0,0/0,0/0,0/0,0,0,0,0,0,1,0,0,-1,-1
Australia,Nigeria,84,67,2507,10,Matisse Thybulle,23:10,7,3/6,2/4,1/2,0/0,1,3,4,2,3,2,5,0,19,13
Australia,Nigeria,84,67,2507,11,Dante Exum,24:16,11,4/11,3/9,1/2,2/2,1,4,5,3,1,5,1,0,6,8
Australia,Nigeria,84,67,2507,12,Aron Baynes,15:18,4,2/5,2/5,0/0,0/0,1,4,5,0,1,2,0,0,5,4
Australia,Nigeria,84,67,2507,13,Jock  Landale,13:11,4,0/2,0/1,0/1,4/4,0,3,3,1,4,1,0,0,8,5
Australia,Nigeria,84,67,2507,14,Duop Thomas Reath,01:16,2,1/1,1/1,0/0,0/0,0,0,0,0,0,0,0,0,-2,2
Australia,Nigeria,84,67,2507,15,Nick Kay,26:06,12,5/10,5/9,0/1,2/2,4,4,8,3,4,1,0,1,17,18
Nigeria,Australia,67,84,2507,0,KZ Okpala,16:33,4,2/5,2/4,0/1,0/2,1,2,3,1,4,1,0,0,-14,2
Nigeria,Australia,67,84,2507,3,Caleb Agada,13:52,2,1/3,1/2,0/1,0/2,0,3,3,3,1,3,1,3,7,5
Nigeria,Australia,67,84,2507,8,Ekpe Udoh,04:34,0,0/1,0/1,0/0,0/0,0,1,1,0,0,0,0,1,-1,1
Nigeria,Australia,67,84,2507,10,Chimezie Metu,14:17,2,1/3,1/2,0/1,0/0,1,4,5,2,2,1,2,1,3,9
Nigeria,Australia,67,84,2507,11,Obi Emegano,19:15,12,4/7,1/3,3/4,1/2,0,1,1,2,1,3,1,0,-11,9
Nigeria,Australia,67,84,2507,13,Miye Oni,23:13,2,1/3,1/2,0/1,0/0,0,2,2,2,2,2,0,0,-16,2
Nigeria,Australia,67,84,2507,15,Jahlil Okafor,11:17,4,2/2,2/2,0/0,0/0,2,2,4,0,1,1,0,0,-5,7
Nigeria,Australia,67,84,2507,20,Josh Okogie,22:51,11,3/7,3/5,0/2,5/5,0,2,2,3,1,3,2,1,-9,12
Nigeria,Australia,67,84,2507,22,Nnamdi Vincent,25:26,7,1/7,0/1,1/6,4/8,1,4,5,1,3,1,1,0,-21,3
Nigeria,Australia,67,84,2507,33,Jordan Nwora,23:31,10,4/12,2/6,2/6,0/1,0,3,3,0,2,4,4,0,-7,4
Nigeria,Australia,67,84,2507,34,Ike Nwamu,03:39,3,1/2,0/0,1/2,0/0,0,1,1,0,2,0,0,0,1,3
Nigeria,Australia,67,84,2507,55,Precious Achiuwa,21:32,10,4/9,4/9,0/0,2/4,2,4,6,2,3,5,3,1,-12,10
France,USA,83,76,2507,1,Frank Ntilikina,0:0,0,0/0,0/0,0/0,0/0,0,0,0,0,0,0,0,0,0,0
France,USA,83,76,2507,3,Timothé Luwawu-Cabarrot,15:07,2,1/6,1/3,0/3,0/0,0,2,2,1,4,0,1,0,-8,1
France,USA,83,76,2507,4,Thomas  Heurtel,17:12,5,2/5,1/1,1/4,0/0,1,0,1,2,1,2,0,0,4,3
France,USA,83,76,2507,5,Nicolas Batum,30:54,5,1/4,0/1,1/3,2/2,0,4,4,5,2,0,1,0,8,12
France,USA,83,76,2507,7,Guerschon Yabusele,18:34,6,3/4,3/4,0/0,0/0,1,3,4,1,3,1,0,0,-13,9
France,USA,83,76,2507,10,Evan Fournier,33:47,28,11/22,7/10,4/12,2/3,1,3,4,1,2,5,1,0,10,17
France,USA,83,76,2507,12,Nando De Colo,32:09,13,4/11,2/6,2/5,3/4,1,4,5,5,3,3,2,0,14,14
France,USA,83,76,2507,17,Vincent  Poirier,10:47,3,1/2,1/2,0/0,1/1,0,4,4,2,1,0,0,0,12,8
France,USA,83,76,2507,21,Andrew Albicy,0:0,0,0/0,0/0,0/0,0/0,0,0,0,0,0,0,0,0,0,0
France,USA,83,76,2507,27,Rudy Gobert,28:41,14,5/6,5/6,0/0,4/8,2,7,9,1,2,0,0,0,4,19
France,USA,83,76,2507,28,Petr Cornelie,01:30,0,0/0,0/0,0/0,0/0,0,0,0,0,0,0,0,0,1,0
France,USA,83,76,2507,93,Moustapha Fall,11:19,7,1/2,1/2,0/0,5/6,0,4,4,0,2,2,0,0,3,7
USA,France,76,83,2507,4,Keldon Johnson,09:18,0,0/1,0/1,0/0,0/0,0,1,1,1,1,0,0,0,-11,1
USA,France,76,83,2507,5,Zach Lavine,18:15,8,3/6,1/2,2/4,0/0,2,0,2,3,3,1,0,0,-7,9
USA,France,76,83,2507,6,Damian  Lillard,27:48,11,3/10,0/1,3/9,2/3,1,2,3,3,2,4,1,0,0,6
USA,France,76,83,2507,7,Kevin Durant,20:40,10,4/12,3/6,1/6,1/1,0,2,2,2,5,0,0,0,2,6
USA,France,76,83,2507,8,Khris Middleton,05:27,0,0/2,0/2,0/0,0/0,0,1,1,1,0,0,1,0,0,1
USA,France,76,83,2507,9,Jerami Grant,0:0,0,0/0,0/0,0/0,0/0,0,0,0,0,0,0,0,0,0,0
USA,France,76,83,2507,10,Jayson  Tatum,23:42,9,3/9,2/4,1/5,2/2,0,1,1,0,2,2,0,2,2,4
USA,France,76,83,2507,11,Javale McGee,01:55,2,0/1,0/1,0/0,2/2,1,0,1,0,1,0,0,0,-2,2
USA,France,76,83,2507,12,Jrue Holiday,27:52,18,5/13,2/7,3/6,5/6,3,4,7,4,2,1,1,0,-2,20
USA,France,76,83,2507,13,Bam Adebayo,25:23,12,5/8,5/8,0/0,2/4,4,6,10,2,3,2,2,1,-6,20
USA,France,76,83,2507,14,Draymond Green,21:10,2,1/1,1/1,0/0,0/0,0,2,2,4,4,0,2,1,-3,11
USA,France,76,83,2507,15,Devin Booker,18:30,4,1/6,1/4,0/2,2/3,0,2,2,3,2,2,1,0,-8,2
Argentina,Slovenia,100,118,2607,4,Luís Scola,27:07,23,9/18,9/14,0/4,5/7,1,3,4,1,3,1,0,1,-26,17
Argentina,Slovenia,100,118,2607,7,Facundo Campazzo,29:00,21,7/16,4/6,3/10,4/5,2,4,6,4,3,2,3,0,-16,22
Argentina,Slovenia,100,118,2607,8,Nicolás Laprovittola,14:20,8,2/4,2/2,0/2,4/4,0,1,1,2,3,3,1,0,-2,7
Argentina,Slovenia,100,118,2607,9,Nicolas Brussino,15:15,5,2/4,1/2,1/2,0/0,0,0,0,2,3,0,0,1,4,6
Argentina,Slovenia,100,118,2607,10,Leandro Bolmaro,13:35,2,1/3,1/2,0/1,0/0,0,0,0,1,2,0,0,0,-4,1
Argentina,Slovenia,100,118,2607,11,Francisco Caffaro,04:27,0,0/0,0/0,0/0,0/0,0,0,0,0,3,0,0,0,0,0
Argentina,Slovenia,100,118,2607,12,Marcos Delia,16:44,7,2/4,2/4,0/0,3/3,2,3,5,1,1,0,2,0,-12,13
Argentina,Slovenia,100,118,2607,14,Gabriel Deck,26:35,17,8/17,7/11,1/6,0/0,1,7,8,2,4,3,1,0,-3,16
Argentina,Slovenia,100,118,2607,17,Luca Vildoza,23:05,11,3/8,3/5,0/3,5/6,0,3,3,5,1,0,3,0,-14,16
Argentina,Slovenia,100,118,2607,22,Juan Pablo Vaulet,07:00,4,2/3,2/3,0/0,0/0,0,2,2,0,0,0,2,0,0,7
Argentina,Slovenia,100,118,2607,29,Patricio Garino,22:52,2,1/6,1/3,0/3,0/0,0,0,0,2,3,1,0,0,-17,-2
Argentina,Slovenia,100,118,2607,83,Tayavek Gallizzi,0:0,0,0/0,0/0,0/0,0/0,0,0,0,0,0,0,0,0,0,0
Slovenia,Argentina,118,100,2607,5,Luka Rupnik,10:59,4,1/4,0/0,1/4,1/2,0,1,1,4,1,2,0,0,-14,3
Slovenia,Argentina,118,100,2607,6,Aleksej Nikolic,04:21,3,1/1,0/0,1/1,0/0,0,0,0,1,2,1,0,0,9,3
Slovenia,Argentina,118,100,2607,7,Klemen Prepelic,21:36,22,6/8,2/2,4/6,6/7,2,2,4,2,4,2,0,0,5,23
Slovenia,Argentina,118,100,2607,8,Edo Murić,16:04,3,1/4,0/0,1/4,0/0,0,5,5,1,5,2,0,0,-5,4
Slovenia,Argentina,118,100,2607,10,Mike Tobey,27:42,11,5/8,5/6,0/2,1/1,2,12,14,1,5,1,0,0,33,22
Slovenia,Argentina,118,100,2607,11,Jaka Blažič,27:07,3,1/6,0/3,1/3,0/0,1,4,5,1,2,3,0,1,8,2
Slovenia,Argentina,118,100,2607,15,Gregor Hrovat,03:33,0,0/0,0/0,0/0,0/0,0,0,0,0,1,0,0,0,-4,0
Slovenia,Argentina,118,100,2607,27,Žiga Dimec,07:51,5,2/4,2/4,0/0,1/4,3,4,7,1,2,1,0,0,-7,7
Slovenia,Argentina,118,100,2607,30,Zoran Dragic,21:17,7,2/7,1/4,1/3,2/5,3,1,4,0,1,0,1,0,16,4
Slovenia,Argentina,118,100,2607,31,Vlatko Cancar,26:31,12,5/12,4/7,1/5,1/1,1,4,5,1,2,1,2,0,22,12
Slovenia,Argentina,118,100,2607,55,Jakob Cebasek,01:52,0,0/1,0/0,0/1,0/0,0,0,0,0,1,0,0,0,-7,-1
Slovenia,Argentina,118,100,2607,77,Luka Doncic,31:07,48,18/29,12/15,6/14,6/7,3,8,11,5,3,6,0,3,34,49
Nigeria,Germany,92,99,2807,0,KZ Okpala,22:01,5,2/2,2/2,0/0,1/2,0,6,6,2,2,1,5,0,-4,16
Nigeria,Germany,92,99,2807,3,Caleb Agada,04:57,6,2/3,0/1,2/2,0/0,0,0,0,0,1,0,0,0,-2,5
Nigeria,Germany,92,99,2807,8,Ekpe Udoh,07:37,2,0/1,0/1,0/0,2/4,0,1,1,1,2,1,0,1,4,1
Nigeria,Germany,92,99,2807,10,Chimezie Metu,12:46,3,1/4,0/1,1/3,0/0,2,3,5,2,1,1,1,2,-4,9
Nigeria,Germany,92,99,2807,11,Obi Emegano,19:16,2,1/5,1/3,0/2,0/0,1,0,1,6,3,1,0,0,10,4
Nigeria,Germany,92,99,2807,13,Miye Oni,21:00,15,5/7,0/1,5/6,0/0,1,1,2,1,2,3,0,0,-1,13
Nigeria,Germany,92,99,2807,15,Jahlil Okafor,13:32,9,3/4,3/4,0/0,3/3,1,1,2,1,3,4,0,0,-6,7
Nigeria,Germany,92,99,2807,20,Josh Okogie,16:03,0,0/2,0/2,0/0,0/0,0,0,0,3,1,1,2,0,-18,2
Nigeria,Germany,92,99,2807,22,Nnamdi Vincent,23:23,8,3/11,1/1,2/10,0/0,0,0,0,3,4,0,1,0,1,4
Nigeria,Germany,92,99,2807,33,Jordan Nwora,30:04,33,13/20,6/8,7/12,0/0,0,7,7,2,3,1,1,0,-1,35
Nigeria,Germany,92,99,2807,34,Ike Nwamu,12:56,0,0/1,0/0,0/1,0/0,0,0,0,1,0,2,1,0,-15,-1
Nigeria,Germany,92,99,2807,55,Precious Achiuwa,16:25,9,4/7,4/7,0/0,1/3,0,2,2,0,4,3,1,2,1,6
Germany,Nigeria,99,92,2807,0,Isaac Bonga,22:51,5,2/5,2/4,0/1,1/1,4,2,6,3,1,2,0,0,-4,9
Germany,Nigeria,99,92,2807,1,Joshiko Saibou,11:02,3,1/6,0/5,1/1,0/0,0,0,0,1,1,1,0,0,-5,-2
Germany,Nigeria,99,92,2807,4,Maodo Lo,28:58,13,5/11,3/4,2/7,1/2,0,2,2,9,1,9,0,0,12,8
Germany,Nigeria,99,92,2807,5,Niels Giffey,22:25,5,2/4,1/2,1/2,0/0,0,0,0,1,3,2,0,0,11,2
Germany,Nigeria,99,92,2807,6,Jan Niklas Wimberg,0:0,0,0/0,0/0,0/0,0/0,0,0,0,0,0,0,0,0,0,0
Germany,Nigeria,99,92,2807,7,Johannes Voigtmann,27:45,19,7/11,5/6,2/5,3/3,0,7,7,1,0,3,1,0,9,21
Germany,Nigeria,99,92,2807,12,Robin Benzing,06:38,2,0/2,0/1,0/1,2/2,0,1,1,0,2,1,0,0,-2,0
Germany,Nigeria,99,92,2807,13,Moritz Wagner,12:15,17,6/8,4/6,2/2,3/4,0,3,3,1,4,1,3,0,0,20
Germany,Nigeria,99,92,2807,19,Lukas Wank,0:0,0,0/0,0/0,0/0,0/0,0,0,0,0,0,0,0,0,0,0
Germany,Nigeria,99,92,2807,22,Danilo Barthel,18:21,14,4/4,4/4,0/0,6/7,0,1,1,2,0,0,0,0,7,16
Germany,Nigeria,99,92,2807,32,Johannes Thiemann,20:29,9,4/6,3/4,1/2,0/0,1,9,10,0,2,0,1,0,0,18
Germany,Nigeria,99,92,2807,42,Andreas Obst,29:16,12,3/6,0/1,3/5,3/4,0,0,0,1,2,0,1,0,7,10
USA,Iran,120,66,2807,4,Keldon Johnson,06:55,4,1/1,1/1,0/0,2/2,0,1,1,1,0,0,0,0,17,6
USA,Iran,120,66,2807,5,Zach Lavine,22:36,13,3/5,1/1,2/4,5/5,1,3,4,8,1,0,1,0,23,24
USA,Iran,120,66,2807,6,Damian  Lillard,23:07,21,7/15,0/2,7/13,0/0,1,1,2,5,1,1,0,0,27,19
USA,Iran,120,66,2807,7,Kevin Durant,19:38,10,4/8,2/4,2/4,0/0,0,5,5,5,0,0,2,3,27,21
USA,Iran,120,66,2807,8,Khris Middleton,15:39,10,4/6,2/2,2/4,0/0,1,1,2,2,3,0,0,0,7,12
USA,Iran,120,66,2807,9,Jerami Grant,12:44,4,1/2,0/1,1/1,1/2,0,3,3,2,2,0,0,0,30,7
USA,Iran,120,66,2807,10,Jayson  Tatum,17:16,14,5/11,3/4,2/7,2/2,0,4,4,2,1,1,0,1,24,14
USA,Iran,120,66,2807,11,Javale McGee,11:53,9,4/6,4/5,0/1,1/1,0,2,2,0,2,0,2,1,8,12
USA,Iran,120,66,2807,12,Jrue Holiday,23:11,8,3/6,1/3,2/3,0/0,0,4,4,3,0,1,1,2,32,14
USA,Iran,120,66,2807,13,Bam Adebayo,13:10,6,3/6,3/6,0/0,0/0,0,0,0,1,0,0,1,3,18,8
USA,Iran,120,66,2807,14,Draymond Green,14:57,5,1/1,0/0,1/1,2/2,1,3,4,4,4,2,0,0,28,11
USA,Iran,120,66,2807,15,Devin Booker,18:54,16,6/9,6/8,0/1,4/4,1,3,4,1,2,1,3,0,29,20
Iran,USA,66,120,2807,3,Mohammadsina Vahedi,09:12,0,0/5,0/3,0/2,0/0,0,4,4,0,2,0,0,0,-4,-1
Iran,USA,66,120,2807,5,Pujan Jalalpoor,10:46,0,0/2,0/0,0/2,0/0,0,4,4,3,1,0,0,0,-5,5
Iran,USA,66,120,2807,7,Mohammad Hassanzadeh,12:29,4,2/3,2/3,0/0,0/0,1,1,2,1,3,0,0,0,-16,6
Iran,USA,66,120,2807,8,Saeid Davarpanah,13:36,8,3/7,1/3,2/4,0/0,1,1,2,2,2,2,0,0,-19,6
Iran,USA,66,120,2807,13,Mohammad Jamshidijafarabadi,21:48,14,5/14,3/8,2/6,2/3,1,1,2,3,0,3,0,0,-15,6
Iran,USA,66,120,2807,14,Mohammadsamad Nik Khahbahrami,18:05,2,1/5,1/3,0/2,0/0,0,3,3,1,2,6,0,0,-38,-4
Iran,USA,66,120,2807,15,Hamed Haddadi,22:21,14,5/7,5/7,0/0,4/8,4,3,7,1,2,4,0,1,-35,13
Iran,USA,66,120,2807,17,Navid Rezaeifar,23:54,13,5/10,2/6,3/4,0/0,2,0,2,2,1,2,1,0,-35,11
Iran,USA,66,120,2807,20,Michael Rostampour,08:45,0,0/2,0/1,0/1,0/0,1,1,2,0,1,0,0,0,-9,0
Iran,USA,66,120,2807,23,Aaron Geramipoor,10:11,0,0/4,0/4,0/0,0/0,2,2,4,0,0,0,0,0,-11,0
Iran,USA,66,120,2807,41,Arsalan Kazemi,24:07,5,2/2,2/2,0/0,1/2,0,4,4,2,0,1,1,0,-33,10
Iran,USA,66,120,2807,88,Behnam Yakhchalidehkordi,24:46,6,2/6,0/1,2/5,0/0,0,1,1,2,1,2,1,0,-50,4
Italy,Australia,83,86,2807,0,Marco Spissu,05:11,0,0/0,0/0,0/0,0/0,0,1,1,0,0,0,0,0,-4,1
Italy,Australia,83,86,2807,1,Nico Mannion,24:14,21,9/15,8/10,1/5,2/2,0,3,3,7,3,1,0,0,4,24
Italy,Australia,83,86,2807,7,Stefano Tonut,22:18,8,2/4,0/1,2/3,2/2,0,1,1,1,1,0,0,0,-8,8
Italy,Australia,83,86,2807,8,Danilo Gallinari,18:46,5,2/5,2/4,0/1,1/2,0,2,2,0,0,0,0,0,5,3
Italy,Australia,83,86,2807,9,Nicolò Melli,24:29,0,0/3,0/2,0/1,0/0,0,4,4,2,1,1,0,2,-9,4
Italy,Australia,83,86,2807,13,Simone Fontecchio,28:29,22,10/17,9/13,1/4,1/1,1,3,4,0,2,1,0,1,-6,19
Italy,Australia,83,86,2807,16,Amedeo Tessitori,0:0,0,0/0,0/0,0/0,0/0,0,0,0,0,0,0,0,0,0,0
Italy,Australia,83,86,2807,17,Giampaolo Ricci,14:08,7,3/3,2/2,1/1,0/0,0,2,2,2,4,1,1,0,11,11
Italy,Australia,83,86,2807,24,Riccardo Moraschini,11:31,2,0/2,0/2,0/0,2/2,0,2,2,2,0,0,1,0,3,5
Italy,Australia,83,86,2807,31,Michele Vitali,17:42,6,2/4,1/1,1/3,1/1,1,1,2,1,2,0,0,0,5,7
Italy,Australia,83,86,2807,33,Achille Polonara,22:37,12,5/12,3/6,2/6,0/0,3,4,7,1,2,3,1,0,-13,11
Italy,Australia,83,86,2807,54,Alessandro Pajola,10:35,0,0/1,0/0,0/1,0/0,0,0,0,0,3,0,0,0,-3,-1
Australia,Italy,86,83,2807,4,Chris Goulding,03:08,0,0/3,0/1,0/2,0/0,1,0,1,0,0,0,0,0,-7,-2
Australia,Italy,86,83,2807,5,Patty Mills,35:44,16,6/17,4/8,2/9,2/2,1,5,6,5,1,2,1,0,11,15
Australia,Italy,86,83,2807,6,Josh Green,00:10,0,0/0,0/0,0/0,0/0,0,0,0,0,0,0,0,0,0,0
Australia,Italy,86,83,2807,7,Joe Ingles,33:22,14,5/11,1/2,4/9,0/0,0,4,4,5,3,1,0,0,-4,16
Australia,Italy,86,83,2807,8,Matthew Dellavedova,22:53,2,0/3,0/1,0/2,2/2,0,1,1,3,3,1,0,0,5,2
Australia,Italy,86,83,2807,9,Nathan Sobey,01:39,0,0/2,0/1,0/1,0/0,0,1,1,0,1,0,0,0,-5,-1
Australia,Italy,86,83,2807,10,Matisse Thybulle,20:18,7,2/3,1/2,1/1,2/2,0,3,3,4,2,0,1,1,7,15
Australia,Italy,86,83,2807,11,Dante Exum,17:57,0,0/2,0/1,0/1,0/2,0,3,3,4,2,4,1,0,-1,0
Australia,Italy,86,83,2807,12,Aron Baynes,14:27,14,6/11,4/8,2/3,0/0,5,2,7,1,2,1,0,1,-8,17
Australia,Italy,86,83,2807,13,Jock  Landale,23:56,18,7/11,6/9,1/2,3/4,4,3,7,2,2,1,1,1,16,23
Australia,Italy,86,83,2807,14,Duop Thomas Reath,0:0,0,0/0,0/0,0/0,0/0,0,0,0,0,0,0,0,0,0,0
Australia,Italy,86,83,2807,15,Nick Kay,26:26,15,6/7,5/6,1/1,2/2,4,3,7,2,2,0,0,1,1,24
Czech Republic,France,77,97,2807,1,Patrik Auda,22:54,14,5/10,5/9,0/1,4/8,2,0,2,0,3,3,0,0,-8,4
Czech Republic,France,77,97,2807,4,Tomas Vyoral,05:56,0,0/0,0/0,0/0,0/0,0,0,0,0,0,0,0,0,-8,0
Czech Republic,France,77,97,2807,8,Tomas Satoransky,34:39,14,5/8,3/5,2/3,2/5,0,3,3,10,0,4,1,0,-19,18
Czech Republic,France,77,97,2807,11,Blake Schilb,15:59,0,0/4,0/2,0/2,0/0,0,1,1,2,0,0,1,0,-11,0
Czech Republic,France,77,97,2807,12,Ondrej Balvín,27:00,18,8/11,6/8,2/3,0/1,3,5,8,0,1,3,2,3,-17,24
Czech Republic,France,77,97,2807,13,Jakub Sirina,15:28,6,2/5,0/1,2/4,0/0,0,1,1,4,1,2,1,0,-5,7
Czech Republic,France,77,97,2807,15,Martin Peterka,0:0,0,0/0,0/0,0/0,0/0,0,0,0,0,0,0,0,0,0,0
Czech Republic,France,77,97,2807,17,Jaromir Bohacik,23:07,0,0/3,0/1,0/2,0/0,0,1,1,1,3,0,2,0,-2,1
Czech Republic,France,77,97,2807,19,Ondrej Sehnal,06:35,0,0/0,0/0,0/0,0/0,1,0,1,1,1,0,0,0,4,2
Czech Republic,France,77,97,2807,23,Lukas Palyza,0:0,0,0/0,0/0,0/0,0/0,0,0,0,0,0,0,0,0,0,0
Czech Republic,France,77,97,2807,24,Jan Vesely,32:11,19,9/12,9/12,0/0,1/2,1,4,5,3,1,4,4,0,-23,23
Czech Republic,France,77,97,2807,25,David Jelinek,16:11,6,2/5,0/3,2/2,0/0,0,2,2,3,1,0,0,0,-11,8
France,Czech Republic,97,77,2807,1,Frank Ntilikina,0:0,0,0/0,0/0,0/0,0/0,0,0,0,0,0,0,0,0,0,0
France,Czech Republic,97,77,2807,3,Timothé Luwawu-Cabarrot,21:12,9,2/6,0/0,2/6,3/3,1,0,1,2,4,1,3,0,6,10
France,Czech Republic,97,77,2807,4,Thomas  Heurtel,23:22,11,4/11,2/7,2/4,1/2,0,2,2,7,2,4,1,0,12,9
France,Czech Republic,97,77,2807,5,Nicolas Batum,26:34,9,4/6,3/3,1/3,0/0,1,4,5,2,1,0,1,0,5,15
France,Czech Republic,97,77,2807,7,Guerschon Yabusele,06:18,5,2/5,1/1,1/4,0/0,0,2,2,2,2,1,1,0,2,6
France,Czech Republic,97,77,2807,10,Evan Fournier,27:30,21,8/13,5/7,3/6,2/3,0,2,2,3,1,2,1,0,13,19
France,Czech Republic,97,77,2807,12,Nando De Colo,25:04,17,7/12,4/6,3/6,0/0,1,0,1,8,2,4,2,0,16,19
France,Czech Republic,97,77,2807,17,Vincent  Poirier,18:55,14,6/8,6/8,0/0,2/2,2,3,5,0,1,1,0,0,14,16
France,Czech Republic,97,77,2807,21,Andrew Albicy,13:32,0,0/0,0/0,0/0,0/0,0,1,1,1,0,0,0,0,17,2
France,Czech Republic,97,77,2807,27,Rudy Gobert,21:31,6,3/5,3/5,0/0,0/0,3,7,10,2,1,0,0,0,15,16
France,Czech Republic,97,77,2807,28,Petr Cornelie,05:02,3,1/1,0/0,1/1,0/0,1,0,1,0,2,0,0,0,-4,4
France,Czech Republic,97,77,2807,93,Moustapha Fall,11:00,2,1/1,1/1,0/0,0/0,0,2,2,0,3,1,0,0,4,3
Iran,France,62,79,3107,3,Mohammadsina Vahedi,0:0,0,0/0,0/0,0/0,0/0,0,0,0,0,0,0,0,0,0,0
Iran,France,62,79,3107,5,Pujan Jalalpoor,18:51,0,0/5,0/4,0/1,0/0,0,1,1,0,1,2,0,0,-3,-6
Iran,France,62,79,3107,7,Mohammad Hassanzadeh,09:40,4,1/2,1/2,0/0,2/2,0,2,2,0,0,0,2,0,-7,7
Iran,France,62,79,3107,8,Saeid Davarpanah,13:35,5,2/4,1/1,1/3,0/0,0,2,2,1,2,4,0,0,0,2
Iran,France,62,79,3107,13,Mohammad Jamshidijafarabadi,11:49,2,0/3,0/3,0/0,2/2,0,0,0,4,0,1,0,1,-13,3
Iran,France,62,79,3107,14,Mohammadsamad Nik Khahbahrami,32:07,9,3/14,2/8,1/6,2/2,0,3,3,1,3,3,0,0,-7,-1
Iran,France,62,79,3107,15,Hamed Haddadi,37:39,18,5/14,4/12,1/2,7/9,2,10,12,5,3,3,2,3,-18,26
Iran,France,62,79,3107,17,Navid Rezaeifar,10:04,2,1/2,1/2,0/0,0/0,0,0,0,1,0,0,0,0,-10,2
Iran,France,62,79,3107,20,Michael Rostampour,0:0,0,0/0,0/0,0/0,0/0,0,0,0,0,0,0,0,0,0,0
Iran,France,62,79,3107,23,Aaron Geramipoor,05:20,0,0/0,0/0,0/0,0/0,0,0,0,0,1,1,1,0,-6,0
Iran,France,62,79,3107,41,Arsalan Kazemi,27:21,11,5/7,5/7,0/0,1/4,4,4,8,2,3,0,3,0,-3,19
Iran,France,62,79,3107,88,Behnam Yakhchalidehkordi,33:34,11,4/10,1/4,3/6,0/0,0,1,1,3,2,1,0,0,-18,8
France,Iran,79,62,3107,1,Frank Ntilikina,18:54,3,1/3,0/1,1/2,0/0,0,2,2,4,2,1,1,0,9,7
France,Iran,79,62,3107,3,Timothé Luwawu-Cabarrot,24:41,12,5/8,4/5,1/3,1/1,0,5,5,3,2,0,2,0,12,19
France,Iran,79,62,3107,4,Thomas  Heurtel,14:42,16,7/9,5/6,2/3,0/0,0,3,3,0,0,0,0,0,12,17
France,Iran,79,62,3107,5,Nicolas Batum,17:28,9,2/5,0/1,2/4,3/4,1,1,2,1,0,1,0,0,4,7
France,Iran,79,62,3107,7,Guerschon Yabusele,19:11,5,2/8,1/4,1/4,0/0,0,5,5,1,2,5,0,1,1,1
France,Iran,79,62,3107,10,Evan Fournier,14:16,3,1/4,0/1,1/3,0/0,0,2,2,2,3,0,0,0,5,4
France,Iran,79,62,3107,12,Nando De Colo,14:48,10,4/4,4/4,0/0,2/2,0,5,5,5,2,1,1,0,7,20
France,Iran,79,62,3107,17,Vincent  Poirier,14:40,10,5/7,5/7,0/0,0/0,1,1,2,0,4,2,2,0,-1,10
France,Iran,79,62,3107,21,Andrew Albicy,15:57,0,0/1,0/1,0/0,0/0,0,0,0,2,1,4,1,0,3,-2
France,Iran,79,62,3107,27,Rudy Gobert,17:40,6,2/7,2/7,0/0,2/2,1,3,4,1,1,0,2,0,6,8
France,Iran,79,62,3107,28,Petr Cornelie,11:30,2,1/4,1/3,0/1,0/0,1,4,5,2,1,0,0,0,13,6
France,Iran,79,62,3107,93,Moustapha Fall,16:13,3,1/3,1/3,0/0,1/2,1,2,3,3,2,1,0,1,14,6
Italy,Nigeria,80,71,3107,0,Marco Spissu,0:0,0,0/0,0/0,0/0,0/0,0,0,0,0,0,0,0,0,0,0
Italy,Nigeria,80,71,3107,1,Nico Mannion,16:17,14,4/12,3/7,1/5,5/5,1,3,4,1,0,0,1,0,4,12
Italy,Nigeria,80,71,3107,7,Stefano Tonut,26:37,10,4/8,4/6,0/2,2/2,0,2,2,1,2,2,2,0,6,9
Italy,Nigeria,80,71,3107,8,Danilo Gallinari,08:29,3,1/4,1/3,0/1,1/2,1,1,2,1,3,0,0,1,-6,3
Italy,Nigeria,80,71,3107,9,Nicolò Melli,26:27,15,6/12,5/8,1/4,2/2,1,4,5,1,4,2,1,0,13,14
Italy,Nigeria,80,71,3107,13,Simone Fontecchio,27:45,12,5/11,3/4,2/7,0/0,0,2,2,4,4,3,2,0,19,11
Italy,Nigeria,80,71,3107,16,Amedeo Tessitori,05:30,3,1/3,1/3,0/0,1/1,1,1,2,0,0,2,1,2,0,4
Italy,Nigeria,80,71,3107,17,Giampaolo Ricci,12:59,6,2/3,0/0,2/3,0/0,1,2,3,1,1,1,0,0,9,8
Italy,Nigeria,80,71,3107,24,Riccardo Moraschini,12:15,0,0/1,0/1,0/0,0/0,0,1,1,0,0,0,0,0,-10,0
Italy,Nigeria,80,71,3107,31,Michele Vitali,13:23,0,0/5,0/2,0/3,0/0,0,6,6,1,1,0,0,0,3,2
Italy,Nigeria,80,71,3107,33,Achille Polonara,25:12,13,5/8,3/4,2/4,1/1,3,2,5,2,2,1,0,0,-1,16
Italy,Nigeria,80,71,3107,54,Alessandro Pajola,25:06,4,0/3,0/1,0/2,4/6,1,2,3,4,1,0,1,0,8,7
Nigeria,Italy,71,80,3107,0,KZ Okpala,03:40,2,0/0,0/0,0/0,2/2,0,1,1,0,2,0,0,0,-5,3
Nigeria,Italy,71,80,3107,3,Caleb Agada,05:16,0,0/1,0/0,0/1,0/0,0,2,2,0,2,1,0,0,-1,0
Nigeria,Italy,71,80,3107,8,Ekpe Udoh,0:0,0,0/0,0/0,0/0,0/0,0,0,0,0,0,0,0,0,0,0
Nigeria,Italy,71,80,3107,10,Chimezie Metu,31:33,22,7/11,1/4,6/7,2/2,1,9,10,3,0,2,3,0,8,32
Nigeria,Italy,71,80,3107,11,Obi Emegano,21:42,0,0/3,0/3,0/0,0/2,1,0,1,2,5,2,2,0,12,-2
Nigeria,Italy,71,80,3107,13,Miye Oni,21:11,3,1/8,0/2,1/6,0/0,0,2,2,2,2,0,0,1,-19,1
Nigeria,Italy,71,80,3107,15,Jahlil Okafor,20:17,14,7/8,7/8,0/0,0/0,3,5,8,0,1,4,0,0,-1,17
Nigeria,Italy,71,80,3107,20,Josh Okogie,07:41,2,0/0,0/0,0/0,2/2,0,1,1,0,1,3,0,0,-14,0
Nigeria,Italy,71,80,3107,22,Nnamdi Vincent,25:17,3,1/5,0/2,1/3,0/0,0,1,1,1,4,1,2,0,-23,2
Nigeria,Italy,71,80,3107,33,Jordan Nwora,34:20,20,7/17,4/10,3/7,3/5,1,3,4,0,2,2,0,0,2,10
Nigeria,Italy,71,80,3107,34,Ike Nwamu,11:40,0,0/5,0/1,0/4,0/0,0,1,1,2,2,2,0,0,4,-4
Nigeria,Italy,71,80,3107,55,Precious Achiuwa,17:23,5,2/4,2/4,0/0,1/2,2,4,6,1,1,2,0,1,-8,8
Australia,Germany,89,76,3107,4,Chris Goulding,07:39,3,1/3,0/0,1/3,0/0,0,1,1,0,1,0,0,0,1,2
Australia,Germany,89,76,3107,5,Patty Mills,32:53,24,9/23,4/8,5/15,1/1,0,1,1,6,0,3,0,0,10,14
Australia,Germany,89,76,3107,6,Josh Green,01:14,0,0/0,0/0,0/0,0/0,0,0,0,0,0,0,0,0,-1,0
Australia,Germany,89,76,3107,7,Joe Ingles,26:57,6,2/8,0/2,2/6,0/0,1,4,5,3,2,2,3,0,11,9
Australia,Germany,89,76,3107,8,Matthew Dellavedova,15:38,2,1/4,1/2,0/2,0/0,0,1,1,1,3,1,1,0,-8,1
Australia,Germany,89,76,3107,9,Nathan Sobey,12:35,4,2/2,2/2,0/0,0/0,0,1,1,1,0,0,1,0,16,7
Australia,Germany,89,76,3107,10,Matisse Thybulle,19:41,4,2/3,2/2,0/1,0/0,1,1,2,1,4,0,4,0,-1,10
Australia,Germany,89,76,3107,11,Dante Exum,19:53,8,2/3,2/3,0/0,4/5,1,3,4,3,1,0,1,0,17,14
Australia,Germany,89,76,3107,12,Aron Baynes,0:0,0,0/0,0/0,0/0,0/0,0,0,0,0,0,0,0,0,0,0
Australia,Germany,89,76,3107,13,Jock  Landale,24:46,18,7/10,5/8,2/2,2/2,1,2,3,3,3,0,0,1,12,22
Australia,Germany,89,76,3107,14,Duop Thomas Reath,07:33,4,2/4,2/3,0/1,0/0,0,1,1,0,0,0,2,0,-2,5
Australia,Germany,89,76,3107,15,Nick Kay,31:11,16,7/10,6/8,1/2,1/1,3,1,4,4,2,0,1,0,10,22
Germany,Australia,76,89,3107,0,Isaac Bonga,18:07,5,1/2,1/2,0/0,3/4,1,2,3,0,4,2,0,0,-13,4
Germany,Australia,76,89,3107,1,Joshiko Saibou,11:11,7,3/4,2/3,1/1,0/0,1,1,2,1,1,4,0,0,-8,5
Germany,Australia,76,89,3107,4,Maodo Lo,28:49,6,2/12,1/4,1/8,1/1,2,2,4,5,1,6,1,0,-5,0
Germany,Australia,76,89,3107,5,Niels Giffey,28:25,11,4/6,3/3,1/3,2/2,1,3,4,2,1,2,0,0,-3,13
Germany,Australia,76,89,3107,6,Jan Niklas Wimberg,0:0,0,0/0,0/0,0/0,0/0,0,0,0,0,0,0,0,0,0,0
Germany,Australia,76,89,3107,7,Johannes Voigtmann,25:32,7,2/7,1/3,1/4,2/2,4,9,13,2,2,1,1,1,-5,18
Germany,Australia,76,89,3107,12,Robin Benzing,03:50,0,0/2,0/1,0/1,0/0,0,0,0,0,2,0,0,0,-3,-2
Germany,Australia,76,89,3107,13,Moritz Wagner,13:31,6,2/3,2/3,0/0,2/2,0,3,3,2,1,0,0,0,-9,10
Germany,Australia,76,89,3107,19,Lukas Wank,0:0,0,0/0,0/0,0/0,0/0,0,0,0,0,0,0,0,0,0,0
Germany,Australia,76,89,3107,22,Danilo Barthel,13:13,6,2/3,1/2,1/1,1/1,0,3,3,1,2,1,0,0,-8,8
Germany,Australia,76,89,3107,32,Johannes Thiemann,26:03,11,4/8,3/5,1/3,2/2,5,4,9,0,2,0,1,1,-4,18
Germany,Australia,76,89,3107,42,Andreas Obst,31:19,17,6/16,1/4,5/12,0/0,0,0,0,1,1,2,0,0,-7,6
USA,Czech Republic,119,84,3107,4,Keldon Johnson,04:12,0,0/1,0/0,0/1,0/0,0,1,1,0,0,0,0,0,3,0
USA,Czech Republic,119,84,3107,5,Zach Lavine,20:16,13,5/7,2/2,3/5,0/0,1,1,2,5,0,0,1,0,27,19
USA,Czech Republic,119,84,3107,6,Damian  Lillard,26:39,8,3/10,1/2,2/8,0/0,0,3,3,3,3,0,1,0,11,8
USA,Czech Republic,119,84,3107,7,Kevin Durant,27:35,23,8/11,4/4,4/7,3/4,0,8,8,6,2,2,0,1,23,32
USA,Czech Republic,119,84,3107,8,Khris Middleton,22:46,8,3/6,1/2,2/4,0/0,1,3,4,3,1,0,1,0,29,13
USA,Czech Republic,119,84,3107,9,Jerami Grant,04:12,0,0/1,0/0,0/1,0/0,1,1,2,1,0,0,1,0,3,3
USA,Czech Republic,119,84,3107,10,Jayson  Tatum,23:58,27,10/16,5/6,5/10,2/3,0,2,2,1,1,2,0,2,32,23
USA,Czech Republic,119,84,3107,11,Javale McGee,04:12,10,4/4,4/4,0/0,2/3,1,0,1,0,0,0,0,0,3,10
USA,Czech Republic,119,84,3107,12,Jrue Holiday,20:31,11,5/7,4/5,1/2,0/0,1,2,3,2,0,2,3,1,5,16
USA,Czech Republic,119,84,3107,13,Bam Adebayo,20:44,6,3/4,3/4,0/0,0/0,1,2,3,1,2,0,1,0,19,10
USA,Czech Republic,119,84,3107,14,Draymond Green,15:04,8,3/3,1/1,2/2,0/0,0,4,4,2,3,1,0,0,13,13
USA,Czech Republic,119,84,3107,15,Devin Booker,09:51,5,1/3,0/1,1/2,2/2,0,1,1,0,5,3,0,1,7,2
Czech Republic,USA,84,119,3107,1,Patrik Auda,16:15,6,3/5,3/5,0/0,0/2,1,2,3,1,1,2,0,0,-25,4
Czech Republic,USA,84,119,3107,4,Tomas Vyoral,02:51,0,0/1,0/1,0/0,0/0,0,0,0,1,1,0,0,0,-4,0
Czech Republic,USA,84,119,3107,8,Tomas Satoransky,32:45,12,5/12,5/10,0/2,2/2,0,6,6,8,1,2,0,0,-19,17
Czech Republic,USA,84,119,3107,11,Blake Schilb,31:22,17,6/9,1/3,5/6,0/0,0,5,5,1,0,5,2,0,-30,17
Czech Republic,USA,84,119,3107,12,Ondrej Balvín,32:25,15,6/9,6/8,0/1,3/4,0,4,4,1,2,0,1,0,-28,17
Czech Republic,USA,84,119,3107,13,Jakub Sirina,01:27,0,0/0,0/0,0/0,0/0,0,0,0,0,0,0,0,0,0,0
Czech Republic,USA,84,119,3107,15,Martin Peterka,02:06,0,0/0,0/0,0/0,0/0,0,1,1,0,0,1,0,0,0,0
Czech Republic,USA,84,119,3107,17,Jaromir Bohacik,18:11,2,1/4,1/4,0/0,0/1,1,3,4,1,3,0,1,0,0,4
Czech Republic,USA,84,119,3107,19,Ondrej Sehnal,11:35,5,2/5,1/1,1/4,0/0,1,0,1,0,3,1,1,0,-17,3
Czech Republic,USA,84,119,3107,23,Lukas Palyza,10:00,7,3/5,2/4,1/1,0/0,0,0,0,0,0,0,0,0,-13,5
Czech Republic,USA,84,119,3107,24,Jan Vesely,29:14,13,5/10,5/10,0/0,3/4,3,0,3,4,1,2,1,1,-17,14
Czech Republic,USA,84,119,3107,25,David Jelinek,11:49,7,3/8,2/4,1/4,0/0,0,0,0,0,2,0,0,0,-22,2
Argentina,Japan,97,77,108,4,Luís Scola,26:13,23,9/21,4/13,5/8,0/0,2,8,10,0,1,2,1,1,14,21
Argentina,Japan,97,77,108,7,Facundo Campazzo,25:39,17,5/11,0/2,5/9,2/3,0,7,7,11,2,3,0,0,16,25
Argentina,Japan,97,77,108,8,Nicolás Laprovittola,28:53,4,0/8,0/0,0/8,4/4,0,3,3,6,2,2,1,0,6,4
Argentina,Japan,97,77,108,9,Nicolas Brussino,29:51,8,3/8,1/3,2/5,0/0,1,6,7,3,1,0,0,0,13,13
Argentina,Japan,97,77,108,10,Leandro Bolmaro,08:23,4,2/3,2/3,0/0,0/0,1,0,1,0,1,1,3,0,2,6
Argentina,Japan,97,77,108,11,Francisco Caffaro,0:0,0,0/0,0/0,0/0,0/0,0,0,0,0,0,0,0,0,0,0
Argentina,Japan,97,77,108,12,Marcos Delia,23:26,14,6/9,6/9,0/0,2/2,5,2,7,0,2,1,1,1,15,19
Argentina,Japan,97,77,108,14,Gabriel Deck,23:29,16,7/10,6/8,1/2,1/1,2,2,4,3,2,1,1,1,15,21
Argentina,Japan,97,77,108,17,Luca Vildoza,25:28,7,2/6,1/2,1/4,2/2,0,2,2,4,2,0,1,0,18,10
Argentina,Japan,97,77,108,22,Juan Pablo Vaulet,05:44,4,2/3,2/3,0/0,0/0,1,0,1,0,1,1,0,0,3,3
Argentina,Japan,97,77,108,29,Patricio Garino,0:0,0,0/0,0/0,0/0,0/0,0,0,0,0,0,0,0,0,0,0
Argentina,Japan,97,77,108,83,Tayavek Gallizzi,02:54,0,0/0,0/0,0/0,0/0,0,0,0,0,0,0,0,0,-2,0
Japan,Argentina,77,97,108,2,Yuki Togashi,25:16,3,1/5,0/2,1/3,0/0,0,2,2,3,2,1,0,0,-11,3
Japan,Argentina,77,97,108,6,Makoto Hiejima,25:07,13,6/12,5/7,1/5,0/0,1,1,2,3,1,1,0,2,-21,13
Japan,Argentina,77,97,108,8,Rui Hachimura,39:11,13,6/17,5/13,1/4,0/0,2,9,11,2,1,4,0,1,-23,12
Japan,Argentina,77,97,108,9,Leo Vendrame,0:0,0,0/0,0/0,0/0,0/0,0,0,0,0,0,0,0,0,0,0
Japan,Argentina,77,97,108,12,Yuta Watanabe,34:39,17,7/14,7/10,0/4,3/3,2,7,9,1,2,3,0,1,-15,18
Japan,Argentina,77,97,108,14,Kosuke Kanamaru,05:33,0,0/3,0/1,0/2,0/0,1,0,1,0,1,0,1,0,6,-1
Japan,Argentina,77,97,108,18,Yudai Baba,33:50,18,8/12,6/9,2/3,0/0,3,4,7,3,1,2,1,0,-19,23
Japan,Argentina,77,97,108,23,Gavin Earl Edwards,0:0,0,0/0,0/0,0/0,0/0,0,0,0,0,0,0,0,0,0,0
Japan,Argentina,77,97,108,24,Daiki Tanaka,21:38,10,4/9,4/5,0/4,2/2,0,3,3,3,3,0,1,0,-14,12
Japan,Argentina,77,97,108,32,Avi Koki Schafer,02:04,0,0/0,0/0,0/0,0/0,0,0,0,0,0,0,0,0,0,0
Japan,Argentina,77,97,108,34,Hugh Watanabe,0:0,0,0/0,0/0,0/0,0/0,0,0,0,0,0,0,0,0,0,0
Japan,Argentina,77,97,108,88,Tenketsu Harimoto,12:42,3,1/6,0/5,1/1,0/0,0,1,1,1,2,2,0,0,-3,-2
Spain,Slovenia,87,95,108,3,Xabi Lopez-Arostegui,0:0,0,0/0,0/0,0/0,0/0,0,0,0,0,0,0,0,0,0,0
Spain,Slovenia,87,95,108,4,Pau Gasol,14:47,8,2/6,0/4,2/2,2/2,2,2,4,1,0,1,0,1,-7,9
Spain,Slovenia,87,95,108,5,Rudy Fernandez,27:02,12,4/9,0/0,4/9,0/0,1,4,5,1,5,0,2,0,-5,15
Spain,Slovenia,87,95,108,6,Sergio Rodriguez,15:55,5,1/6,0/0,1/6,2/2,0,2,2,5,1,2,0,0,-4,5
Spain,Slovenia,87,95,108,9,Ricky Rubio,24:05,18,7/23,6/15,1/8,3/4,1,2,3,9,3,1,1,0,-4,13
Spain,Slovenia,87,95,108,10,Victor Claver,24:29,4,2/5,2/3,0/2,0/0,3,3,6,1,4,1,0,0,-1,7
Spain,Slovenia,87,95,108,13,Marc Gasol,25:13,9,3/8,2/5,1/3,2/4,0,6,6,4,0,0,0,0,-1,12
Spain,Slovenia,87,95,108,14,Willy Hernangomez,07:52,2,1/3,1/2,0/1,0/0,1,2,3,0,0,1,0,0,-1,2
Spain,Slovenia,87,95,108,16,Usman Garuba,07:16,0,0/0,0/0,0/0,0/0,0,1,1,0,2,0,0,0,-1,1
Spain,Slovenia,87,95,108,20,Alberto Abalde,27:20,14,4/8,0/1,4/7,2/2,1,3,4,1,3,0,3,0,4,18
Spain,Slovenia,87,95,108,21,Alex Abrines,06:50,3,1/2,0/0,1/2,0/0,0,2,2,1,4,0,1,0,-13,6
Spain,Slovenia,87,95,108,23,Sergio Llull,19:11,12,4/7,2/3,2/4,2/2,0,0,0,1,1,2,0,0,-7,8
Slovenia,Spain,95,87,108,5,Luka Rupnik,02:37,0,0/2,0/1,0/1,0/0,1,1,2,0,1,0,0,0,-5,0
Slovenia,Spain,95,87,108,6,Aleksej Nikolic,07:55,0,0/4,0/1,0/3,0/0,0,0,0,2,1,0,1,0,11,-1
Slovenia,Spain,95,87,108,7,Klemen Prepelic,25:28,15,2/7,0/2,2/5,9/10,1,1,2,3,1,1,2,0,16,15
Slovenia,Spain,95,87,108,8,Edo Murić,11:17,8,3/6,1/2,2/4,0/0,0,2,2,1,1,1,1,0,5,8
Slovenia,Spain,95,87,108,10,Mike Tobey,32:40,16,7/12,7/12,0/0,2/2,3,11,14,3,4,2,0,0,-4,26
Slovenia,Spain,95,87,108,11,Jaka Blažič,26:36,10,4/15,2/5,2/10,0/0,1,3,4,2,2,0,1,1,-10,7
Slovenia,Spain,95,87,108,15,Gregor Hrovat,0:0,0,0/0,0/0,0/0,0/0,0,0,0,0,0,0,0,0,0,0
Slovenia,Spain,95,87,108,27,Žiga Dimec,07:05,6,3/4,3/4,0/0,0/0,2,3,5,1,1,0,0,0,7,11
Slovenia,Spain,95,87,108,30,Zoran Dragic,23:29,6,2/5,2/2,0/3,2/2,1,1,2,3,3,0,0,0,1,8
Slovenia,Spain,95,87,108,31,Vlatko Cancar,28:58,22,8/12,4/5,4/7,2/2,1,1,2,1,2,1,0,1,8,21
Slovenia,Spain,95,87,108,55,Jakob Cebasek,0:0,0,0/0,0/0,0/0,0/0,0,0,0,0,0,0,0,0,0,0
Slovenia,Spain,95,87,108,77,Luka Doncic,33:55,12,2/7,0/2,2/5,6/11,2,12,14,9,3,5,1,0,11,21
